repository_url_full,Name
http://public.tableausoftware.com/workbooks/2pipelines,2pipelines
http://public.tableausoftware.com/workbooks/3dpies,3dpies
http://public.tableausoftware.com/workbooks/3Year_TEST,3Year_TEST
http://public.tableausoftware.com/workbooks/4-2-3-1,4-2-3-1
http://public.tableausoftware.com/workbooks/4_91centtaxincreasechart,4_91centtaxincreasechart
http://public.tableausoftware.com/workbooks/06-dec,6-Dec
http://public.tableausoftware.com/workbooks/28N,28N
http://public.tableausoftware.com/workbooks/99problems,99problems
http://public.tableausoftware.com/workbooks/007,7
http://public.tableausoftware.com/workbooks/460_Wimbledon_winners_by_Freakalytics_dataGuardian,460_Wimbledon_winners_by_Freakalytics_dataGuardian
http://public.tableausoftware.com/workbooks/480_Wimbledon_winners_by_Freakalytics_dataGuardian,480_Wimbledon_winners_by_Freakalytics_dataGuardian
http://public.tableausoftware.com/workbooks/0602,602
http://public.tableausoftware.com/workbooks/0602_01,0602_01
http://public.tableausoftware.com/workbooks/1971ReunionPlanning,1971ReunionPlanning
http://public.tableausoftware.com/workbooks/2009-state-local-finances,2009-state-local-finances
http://public.tableausoftware.com/workbooks/2009InternetPenetrationbyCountry,2009InternetPenetrationbyCountry
http://public.tableausoftware.com/workbooks/2010_11_AYP_viz,2010_11_AYP_viz
http://public.tableausoftware.com/workbooks/2010_11_AYP_viz_1,2010_11_AYP_viz_1
http://public.tableausoftware.com/workbooks/2012ArmsSales,2012ArmsSales
http://public.tableausoftware.com/workbooks/2012HighSchoolProgressReports,2012HighSchoolProgressReports
http://public.tableausoftware.com/workbooks/2012HighSchoolProgressReportsOverview,2012HighSchoolProgressReportsOverview
http://public.tableausoftware.com/workbooks/05112010_map_4,05112010_map_4
http://public.tableausoftware.com/workbooks/20100326_Health_Data_Analysis_v5,20100326_Health_Data_Analysis_v5
http://public.tableausoftware.com/workbooks/_47,_47
http://public.tableausoftware.com/workbooks/Aardbevingen,Aardbevingen
http://public.tableausoftware.com/workbooks/AdvertisingExpenditurebymedium-July2010,AdvertisingExpenditurebymedium-July2010
http://public.tableausoftware.com/workbooks/Agendacordobesa,Agendacordobesa
http://public.tableausoftware.com/workbooks/AirTrafficv2,AirTrafficv2
http://public.tableausoftware.com/workbooks/ALevelResults,ALevelResults
http://public.tableausoftware.com/workbooks/alexa_0,alexa_0
http://public.tableausoftware.com/workbooks/AlphaViz4,AlphaViz4
http://public.tableausoftware.com/workbooks/AmgenKPI-XLS,AmgenKPI-XLS
http://public.tableausoftware.com/workbooks/Analisis1,Analisis1
http://public.tableausoftware.com/workbooks/Aotea-2010,Aotea-2010
http://public.tableausoftware.com/workbooks/Appealsofaccidentrulings,Appealsofaccidentrulings
http://public.tableausoftware.com/workbooks/arno_fauna_ittica,arno_fauna_ittica
http://public.tableausoftware.com/workbooks/arsurvey,arsurvey
http://public.tableausoftware.com/workbooks/asielprocedure,asielprocedure
http://public.tableausoftware.com/workbooks/Attendeestcc11,Attendeestcc11
http://public.tableausoftware.com/workbooks/AustralianCashRate,AustralianCashRate
http://public.tableausoftware.com/workbooks/AutoinsurancerollbackinWI2011Moneyinthefight,AutoinsurancerollbackinWI2011Moneyinthefight
http://public.tableausoftware.com/workbooks/AutumnStatement2012,AutumnStatement2012
http://public.tableausoftware.com/workbooks/b2b,b2b
http://public.tableausoftware.com/workbooks/BadSportingLeague_v2,BadSportingLeague_v2
http://public.tableausoftware.com/workbooks/Banking,Banking
http://public.tableausoftware.com/workbooks/Barchart_Numberoforderspermode_290_140pixel,Barchart_Numberoforderspermode_290_140pixel
http://public.tableausoftware.com/workbooks/Barriers,Barriers
http://public.tableausoftware.com/workbooks/basicsofoptionstrading,basicsofoptionstrading
http://public.tableausoftware.com/workbooks/BBExample,BBExample
http://public.tableausoftware.com/workbooks/BBs,BBs
http://public.tableausoftware.com/workbooks/BCA_Test2-Key,BCA_Test2-Key
http://public.tableausoftware.com/workbooks/BCS_sibebyside,BCS_sibebyside
http://public.tableausoftware.com/workbooks/BDGATour_8,BDGATour_8
http://public.tableausoftware.com/workbooks/BDGATour_9,BDGATour_9
http://public.tableausoftware.com/workbooks/Beauronne-EtudeDensitLargeur,Beauronne-EtudeDensitLargeur
http://public.tableausoftware.com/workbooks/begroting,begroting
http://public.tableausoftware.com/workbooks/belgrano,belgrano
http://public.tableausoftware.com/workbooks/bespoke,bespoke
http://public.tableausoftware.com/workbooks/BestWorstCitiesv2_1,BestWorstCitiesv2_1
http://public.tableausoftware.com/workbooks/BIExample,BIExample
http://public.tableausoftware.com/workbooks/Big_Data_Trends_Mini_View,Big_Data_Trends_Mini_View
http://public.tableausoftware.com/workbooks/Big_Data_Trends_Small_Screen,Big_Data_Trends_Small_Screen
http://public.tableausoftware.com/workbooks/BilBus,BilBus
http://public.tableausoftware.com/workbooks/BirdStrikes,BirdStrikes
http://public.tableausoftware.com/workbooks/BirdStrikes_2,BirdStrikes_2
http://public.tableausoftware.com/workbooks/BirdStrikes_Pinter,BirdStrikes_Pinter
http://public.tableausoftware.com/workbooks/BIRMINGHAMHALFMARATHONTIMES,BIRMINGHAMHALFMARATHONTIMES
http://public.tableausoftware.com/workbooks/BItaleof100,BItaleof100
http://public.tableausoftware.com/workbooks/BlotterWk1,BlotterWk1
http://public.tableausoftware.com/workbooks/BMD-Full-Share-of-Voice,BMD-Full-Share-of-Voice
http://public.tableausoftware.com/workbooks/BMD-Knowledge-Effect,BMD-Knowledge-Effect
http://public.tableausoftware.com/workbooks/BMD-Mini-Funnels,BMD-Mini-Funnels
http://public.tableausoftware.com/workbooks/BMD-Mini-Interbrand,BMD-Mini-Interbrand
http://public.tableausoftware.com/workbooks/BMD-Mini-Social,BMD-Mini-Social
http://public.tableausoftware.com/workbooks/BMD-Mini-Social-X,BMD-Mini-Social-X
http://public.tableausoftware.com/workbooks/BMD-Share-of-Voice,BMD-Share-of-Voice
http://public.tableausoftware.com/workbooks/BMD-Share-of-Voice-TEST,BMD-Share-of-Voice-TEST
http://public.tableausoftware.com/workbooks/BMD-Social-Media-Activity_RL_1,BMD-Social-Media-Activity_RL_1
http://public.tableausoftware.com/workbooks/BMD-TR-WEB,BMD-TR-WEB
http://public.tableausoftware.com/workbooks/boditudesurveyreport,boditudesurveyreport
http://public.tableausoftware.com/workbooks/BoiseCountyID,BoiseCountyID
http://public.tableausoftware.com/workbooks/Book1_624,Book1_624
http://public.tableausoftware.com/workbooks/Book2_388,Book2_388
http://public.tableausoftware.com/workbooks/Book2_904,Book2_904
http://public.tableausoftware.com/workbooks/Book2_2262,Book2_2262
http://public.tableausoftware.com/workbooks/Book2_3108,Book2_3108
http://public.tableausoftware.com/workbooks/Book2elecciones,Book2elecciones
http://public.tableausoftware.com/workbooks/Book3_528,Book3_528
http://public.tableausoftware.com/workbooks/Book3_725,Book3_725
http://public.tableausoftware.com/workbooks/Book16_3,Book16_3
http://public.tableausoftware.com/workbooks/Book60,Book60
http://public.tableausoftware.com/workbooks/Bookcemric20102,Bookcemric20102
http://public.tableausoftware.com/workbooks/BrandRepublic-RAJAR2010Q2,BrandRepublic-RAJAR2010Q2
http://public.tableausoftware.com/workbooks/brookings_db,brookings_db
http://public.tableausoftware.com/workbooks/budget-fy2014,budget-fy2014
http://public.tableausoftware.com/workbooks/bullet,bullet
http://public.tableausoftware.com/workbooks/BullyingandViolentDeath,BullyingandViolentDeath
http://public.tableausoftware.com/workbooks/BusinessRatesfurther,BusinessRatesfurther
http://public.tableausoftware.com/workbooks/BusRoutes,BusRoutes
http://public.tableausoftware.com/workbooks/BYUsstruggles,BYUsstruggles
http://public.tableausoftware.com/workbooks/C11_3_g_v1,C11_3_g_v1
http://public.tableausoftware.com/workbooks/C11_3_g_v2,C11_3_g_v2
http://public.tableausoftware.com/workbooks/C_11_v2,C_11_v2
http://public.tableausoftware.com/workbooks/CameronClapometer,CameronClapometer
http://public.tableausoftware.com/workbooks/Campaa-Belgrano,Campaa-Belgrano
http://public.tableausoftware.com/workbooks/campagnegeld,campagnegeld
http://public.tableausoftware.com/workbooks/CanadaGCPinspectionsmap,CanadaGCPinspectionsmap
http://public.tableausoftware.com/workbooks/Cannabis,Cannabis
http://public.tableausoftware.com/workbooks/car,car
http://public.tableausoftware.com/workbooks/CardiffCrime,CardiffCrime
http://public.tableausoftware.com/workbooks/CarModification,CarModification
http://public.tableausoftware.com/workbooks/Cars_2,Cars_2
http://public.tableausoftware.com/workbooks/Case-Shiller-Map,Case-Shiller-Map
http://public.tableausoftware.com/workbooks/CASISMap,CASISMap
http://public.tableausoftware.com/workbooks/catastrophebondmarket,catastrophebondmarket
http://public.tableausoftware.com/workbooks/CCC_GHG_2010,CCC_GHG_2010
http://public.tableausoftware.com/workbooks/CCC_GHG_2010_1,CCC_GHG_2010_1
http://public.tableausoftware.com/workbooks/Census_3,Census_3
http://public.tableausoftware.com/workbooks/Census_4,Census_4
http://public.tableausoftware.com/workbooks/Channel4onlinefinancials,Channel4onlinefinancials
http://public.tableausoftware.com/workbooks/CharterHSProgressReports2011,CharterHSProgressReports2011
http://public.tableausoftware.com/workbooks/CharterProgressReports2011,CharterProgressReports2011
http://public.tableausoftware.com/workbooks/chi-square_1to9_v3,chi-square_1to9_v3
http://public.tableausoftware.com/workbooks/chi-square_1to9_v3_1,chi-square_1to9_v3_1
http://public.tableausoftware.com/workbooks/chi-square_1to9_v4,chi-square_1to9_v4
http://public.tableausoftware.com/workbooks/chi-square_1to9_v5,chi-square_1to9_v5
http://public.tableausoftware.com/workbooks/chi-square_1to9_v6,chi-square_1to9_v6
http://public.tableausoftware.com/workbooks/chi-square_1to9_v7,chi-square_1to9_v7
http://public.tableausoftware.com/workbooks/chi-square_15b_2to15b_3_v4,chi-square_15b_2to15b_3_v4
http://public.tableausoftware.com/workbooks/chi-square_15b_4to15b_6_v2,chi-square_15b_4to15b_6_v2
http://public.tableausoftware.com/workbooks/chi-square_15b_4to15b_6_v2_1,chi-square_15b_4to15b_6_v2_1
http://public.tableausoftware.com/workbooks/chi-square_15b_4to15b_6_v3,chi-square_15b_4to15b_6_v3
http://public.tableausoftware.com/workbooks/Chicagohomicidetrend,Chicagohomicidetrend
http://public.tableausoftware.com/workbooks/Clarestracker,Clarestracker
http://public.tableausoftware.com/workbooks/Clearing2012_BlogDahsboard4,Clearing2012_BlogDahsboard4
http://public.tableausoftware.com/workbooks/Clearing2012_BlogDahsboard4b,Clearing2012_BlogDahsboard4b
http://public.tableausoftware.com/workbooks/coastguardmissions,coastguardmissions
http://public.tableausoftware.com/workbooks/coastguardmissions_2,coastguardmissions_2
http://public.tableausoftware.com/workbooks/coastguardmissions_3,coastguardmissions_3
http://public.tableausoftware.com/workbooks/color-test,color-test
http://public.tableausoftware.com/workbooks/Combinationmapvotingagepopulations,Combinationmapvotingagepopulations
http://public.tableausoftware.com/workbooks/Comparacionespresupuestarias,Comparacionespresupuestarias
http://public.tableausoftware.com/workbooks/ComparingSchoolPerformance,ComparingSchoolPerformance
http://public.tableausoftware.com/workbooks/comparison_0,comparison_0
http://public.tableausoftware.com/workbooks/ComponentsofChange,ComponentsofChange
http://public.tableausoftware.com/workbooks/Consumerpriceindexforoctober2012,Consumerpriceindexforoctober2012
http://public.tableausoftware.com/workbooks/Consumodecarneporhabitante,Consumodecarneporhabitante
http://public.tableausoftware.com/workbooks/CoronadoPanama2012Tides,CoronadoPanama2012Tides
http://public.tableausoftware.com/workbooks/CoronadoPanama2012Tides_0,CoronadoPanama2012Tides_0
http://public.tableausoftware.com/workbooks/CountryThreatLevels,CountryThreatLevels
http://public.tableausoftware.com/workbooks/county-ranks,county-ranks
http://public.tableausoftware.com/workbooks/county-ranks_0,county-ranks_0
http://public.tableausoftware.com/workbooks/CSSFadeExample,CSSFadeExample
http://public.tableausoftware.com/workbooks/CyclingCasualties,CyclingCasualties
http://public.tableausoftware.com/workbooks/DahlinCrossGrade1,DahlinCrossGrade1
http://public.tableausoftware.com/workbooks/DahlinCrossGrade2,DahlinCrossGrade2
http://public.tableausoftware.com/workbooks/Dashboard1trialXYZ,Dashboard1trialXYZ
http://public.tableausoftware.com/workbooks/DashboardconceptFebB,DashboardconceptFebB
http://public.tableausoftware.com/workbooks/DashboardSizes,DashboardSizes
http://public.tableausoftware.com/workbooks/DashboardSplashPage,DashboardSplashPage
http://public.tableausoftware.com/workbooks/DashboardStandardSizes,DashboardStandardSizes
http://public.tableausoftware.com/workbooks/dashsmall,dashsmall
http://public.tableausoftware.com/workbooks/DatamartistElectrcityExample,DatamartistElectrcityExample
http://public.tableausoftware.com/workbooks/DaycareMap,DaycareMap
http://public.tableausoftware.com/workbooks/DaycareMap-March2011,DaycareMap-March2011
http://public.tableausoftware.com/workbooks/DaycareMapEmbedTest,DaycareMapEmbedTest
http://public.tableausoftware.com/workbooks/DaycareMapEmbedTestVerySmall,DaycareMapEmbedTestVerySmall
http://public.tableausoftware.com/workbooks/db100,db100
http://public.tableausoftware.com/workbooks/DClawmakersLobbyistContacts,DClawmakersLobbyistContacts
http://public.tableausoftware.com/workbooks/Debt,Debt
http://public.tableausoftware.com/workbooks/Debt_0,Debt_0
http://public.tableausoftware.com/workbooks/Debt_1,Debt_1
http://public.tableausoftware.com/workbooks/DefenseSpending_1,DefenseSpending_1
http://public.tableausoftware.com/workbooks/DemoVisits,DemoVisits
http://public.tableausoftware.com/workbooks/DependencyRatios,DependencyRatios
http://public.tableausoftware.com/workbooks/Directorranking,Directorranking
http://public.tableausoftware.com/workbooks/disasterduplicatesremoved,disasterduplicatesremoved
http://public.tableausoftware.com/workbooks/districtenstelsel,districtenstelsel
http://public.tableausoftware.com/workbooks/DO-Indice,DO-Indice
http://public.tableausoftware.com/workbooks/Doctorspay,Doctorspay
http://public.tableausoftware.com/workbooks/DODPFX,DODPFX
http://public.tableausoftware.com/workbooks/Donations-ClassBreakdownpre2012,Donations-ClassBreakdownpre2012
http://public.tableausoftware.com/workbooks/DownloadExtras,DownloadExtras
http://public.tableausoftware.com/workbooks/DownyKPIbyInitiative,DownyKPIbyInitiative
http://public.tableausoftware.com/workbooks/DRGrinsppon1,DRGrinsppon1
http://public.tableausoftware.com/workbooks/DSM_Dash_April2012,DSM_Dash_April2012
http://public.tableausoftware.com/workbooks/DWASince2006,DWASince2006
http://public.tableausoftware.com/workbooks/dynasties6,dynasties6
http://public.tableausoftware.com/workbooks/dynasties7,dynasties7
http://public.tableausoftware.com/workbooks/EastBatonRougeLA,EastBatonRougeLA
http://public.tableausoftware.com/workbooks/Economicissues_0,Economicissues_0
http://public.tableausoftware.com/workbooks/EF-INDIA1,EF-INDIA1
http://public.tableausoftware.com/workbooks/eisenerz,eisenerz
http://public.tableausoftware.com/workbooks/eiu2-FD2-extract,eiu2-FD2-extract
http://public.tableausoftware.com/workbooks/eiu2-FD2-extract_1,eiu2-FD2-extract_1
http://public.tableausoftware.com/workbooks/eiu2-FD3-extract,eiu2-FD3-extract
http://public.tableausoftware.com/workbooks/eiu2-FD3-extract_1,eiu2-FD3-extract_1
http://public.tableausoftware.com/workbooks/eiu2-FDI,eiu2-FDI
http://public.tableausoftware.com/workbooks/eiu2-FDI-noextract,eiu2-FDI-noextract
http://public.tableausoftware.com/workbooks/eiu3-Exports-noextract,eiu3-Exports-noextract
http://public.tableausoftware.com/workbooks/EIU3-Major_Exporters,EIU3-Major_Exporters
http://public.tableausoftware.com/workbooks/EIU3-Major_Exporters_MixedBars,EIU3-Major_Exporters_MixedBars
http://public.tableausoftware.com/workbooks/EIU3-Major_Exporters_MixedBars-Translations,EIU3-Major_Exporters_MixedBars-Translations
http://public.tableausoftware.com/workbooks/EIU3-Major_Exporters_MixedBars-Translations2,EIU3-Major_Exporters_MixedBars-Translations2
http://public.tableausoftware.com/workbooks/EIU3-Major_Exporters_MixedBars-Translations2-share,EIU3-Major_Exporters_MixedBars-Translations2-share
http://public.tableausoftware.com/workbooks/EIU3-Major_Exporters_MixedBars_1,EIU3-Major_Exporters_MixedBars_1
http://public.tableausoftware.com/workbooks/EIU3-Major_Exporters_MixedBarswithEIUURL,EIU3-Major_Exporters_MixedBarswithEIUURL
http://public.tableausoftware.com/workbooks/ElasticidadVinoargentino,ElasticidadVinoargentino
http://public.tableausoftware.com/workbooks/elecciones_CAM_2,elecciones_CAM_2
http://public.tableausoftware.com/workbooks/elecciones_CAM_BN,elecciones_CAM_BN
http://public.tableausoftware.com/workbooks/ElectionYearUnemployment,ElectionYearUnemployment
http://public.tableausoftware.com/workbooks/ElfindeenCrdoba,ElfindeenCrdoba
http://public.tableausoftware.com/workbooks/Employment-trends,Employment-trends
http://public.tableausoftware.com/workbooks/Employmentandselfemployment,Employmentandselfemployment
http://public.tableausoftware.com/workbooks/EnvSal_IndiceEnvejecimiento_viz1_0,EnvSal_IndiceEnvejecimiento_viz1_0
http://public.tableausoftware.com/workbooks/EnvSal_IndiceEnvejecimiento_viz1_1,EnvSal_IndiceEnvejecimiento_viz1_1
http://public.tableausoftware.com/workbooks/EnvSal_IndiceEnvejecimiento_viz1_2,EnvSal_IndiceEnvejecimiento_viz1_2
http://public.tableausoftware.com/workbooks/Ervaring-Kamerleden-2012,Ervaring-Kamerleden-2012
http://public.tableausoftware.com/workbooks/EspacioProtegido,EspacioProtegido
http://public.tableausoftware.com/workbooks/EUGCPinspectionmap,EUGCPinspectionmap
http://public.tableausoftware.com/workbooks/euro2012_0,euro2012_0
http://public.tableausoftware.com/workbooks/Europa-SP,Europa-SP
http://public.tableausoftware.com/workbooks/evenonthanksgiving,evenonthanksgiving
http://public.tableausoftware.com/workbooks/Exitpoll-2007,Exitpoll-2007
http://public.tableausoftware.com/workbooks/f,f
http://public.tableausoftware.com/workbooks/FabicCare-KPI,FabicCare-KPI
http://public.tableausoftware.com/workbooks/FabricCareKPIv2,FabricCareKPIv2
http://public.tableausoftware.com/workbooks/FabricCareKPIv2_1,FabricCareKPIv2_1
http://public.tableausoftware.com/workbooks/FailedFood,FailedFood
http://public.tableausoftware.com/workbooks/FailedFood_0,FailedFood_0
http://public.tableausoftware.com/workbooks/Falltimechange,Falltimechange
http://public.tableausoftware.com/workbooks/FantasyBaseball,FantasyBaseball
http://public.tableausoftware.com/workbooks/Fb-aanmeldingen,Fb-aanmeldingen
http://public.tableausoftware.com/workbooks/Fb-aanmeldingen_0,Fb-aanmeldingen_0
http://public.tableausoftware.com/workbooks/FeaturedData10-5-2012,FeaturedData10-5-2012
http://public.tableausoftware.com/workbooks/FeaturedData10-15-12,FeaturedData10-15-12
http://public.tableausoftware.com/workbooks/FeaturedData10-16-12,FeaturedData10-16-12
http://public.tableausoftware.com/workbooks/FeaturedData10-17-12,FeaturedData10-17-12
http://public.tableausoftware.com/workbooks/FeaturedData10-1516-12,FeaturedData10-1516-12
http://public.tableausoftware.com/workbooks/FeaturedDataNovember12012,FeaturedDataNovember12012
http://public.tableausoftware.com/workbooks/FeaturedDataNovember22012,FeaturedDataNovember22012
http://public.tableausoftware.com/workbooks/FeaturedDataNovember52012,FeaturedDataNovember52012
http://public.tableausoftware.com/workbooks/FeaturedDataNovember62012,FeaturedDataNovember62012
http://public.tableausoftware.com/workbooks/FeaturedDataNovember72012,FeaturedDataNovember72012
http://public.tableausoftware.com/workbooks/FeaturedDataNovember82012,FeaturedDataNovember82012
http://public.tableausoftware.com/workbooks/FeaturedDataNovember92012,FeaturedDataNovember92012
http://public.tableausoftware.com/workbooks/FeaturedDataNovember122012,FeaturedDataNovember122012
http://public.tableausoftware.com/workbooks/FeaturedDataNovember122012-V2,FeaturedDataNovember122012-V2
http://public.tableausoftware.com/workbooks/FeaturedDataNovember132012,FeaturedDataNovember132012
http://public.tableausoftware.com/workbooks/FeaturedDataNovember142012,FeaturedDataNovember142012
http://public.tableausoftware.com/workbooks/FeaturedDataNovember152012,FeaturedDataNovember152012
http://public.tableausoftware.com/workbooks/FeaturedDataNovember162012,FeaturedDataNovember162012
http://public.tableausoftware.com/workbooks/FeaturedDataNovember192012,FeaturedDataNovember192012
http://public.tableausoftware.com/workbooks/FeaturedDataNovember202012,FeaturedDataNovember202012
http://public.tableausoftware.com/workbooks/FeaturedDataNovember212012,FeaturedDataNovember212012
http://public.tableausoftware.com/workbooks/FeaturedDataNovember262012,FeaturedDataNovember262012
http://public.tableausoftware.com/workbooks/FeaturedDataNovember272012,FeaturedDataNovember272012
http://public.tableausoftware.com/workbooks/FeaturedDataNovember292012,FeaturedDataNovember292012
http://public.tableausoftware.com/workbooks/FeaturedDataNovember302012,FeaturedDataNovember302012
http://public.tableausoftware.com/workbooks/FeaturedDataOcb82012,FeaturedDataOcb82012
http://public.tableausoftware.com/workbooks/FeaturedDataOct102012,FeaturedDataOct102012
http://public.tableausoftware.com/workbooks/FeaturedDataOct112012,FeaturedDataOct112012
http://public.tableausoftware.com/workbooks/FeaturedDataOct122012,FeaturedDataOct122012
http://public.tableausoftware.com/workbooks/FeaturedDataOctober92012,FeaturedDataOctober92012
http://public.tableausoftware.com/workbooks/FeaturedDataOctober172012,FeaturedDataOctober172012
http://public.tableausoftware.com/workbooks/FeaturedDataOctober192012,FeaturedDataOctober192012
http://public.tableausoftware.com/workbooks/FeaturedDataOctober222012,FeaturedDataOctober222012
http://public.tableausoftware.com/workbooks/FeaturedDataOctober232012,FeaturedDataOctober232012
http://public.tableausoftware.com/workbooks/FeaturedDataOctober242012,FeaturedDataOctober242012
http://public.tableausoftware.com/workbooks/FeaturedDataOctober252012,FeaturedDataOctober252012
http://public.tableausoftware.com/workbooks/FeaturedDataOctober262012,FeaturedDataOctober262012
http://public.tableausoftware.com/workbooks/FeaturedDataOctober292012,FeaturedDataOctober292012
http://public.tableausoftware.com/workbooks/FeaturedDataOctober302012,FeaturedDataOctober302012
http://public.tableausoftware.com/workbooks/FeaturedDataOctober312012,FeaturedDataOctober312012
http://public.tableausoftware.com/workbooks/FF,FF
http://public.tableausoftware.com/workbooks/FICOD11,FICOD11
http://public.tableausoftware.com/workbooks/Final_8,Final_8
http://public.tableausoftware.com/workbooks/finaldashboard,finaldashboard
http://public.tableausoftware.com/workbooks/FirstNationsindefault-January242013,FirstNationsindefault-January242013
http://public.tableausoftware.com/workbooks/FirstNationsindefault-January242013_0,FirstNationsindefault-January242013_0
http://public.tableausoftware.com/workbooks/FleetAverageAge,FleetAverageAge
http://public.tableausoftware.com/workbooks/Flytipping,Flytipping
http://public.tableausoftware.com/workbooks/Foodincidentsbycountry,Foodincidentsbycountry
http://public.tableausoftware.com/workbooks/forecast2_0,forecast2_0
http://public.tableausoftware.com/workbooks/foriphone,foriphone
http://public.tableausoftware.com/workbooks/formatieduur_0,formatieduur_0
http://public.tableausoftware.com/workbooks/Formatiei,Formatiei
http://public.tableausoftware.com/workbooks/formsmini_test,formsmini_test
http://public.tableausoftware.com/workbooks/forNBR,forNBR
http://public.tableausoftware.com/workbooks/Forum-LOD-Filter,Forum-LOD-Filter
http://public.tableausoftware.com/workbooks/FreddieMac30-year,FreddieMac30-year
http://public.tableausoftware.com/workbooks/frequency_1to10_v5,frequency_1to10_v5
http://public.tableausoftware.com/workbooks/frequency_1to10_v5_1,frequency_1to10_v5_1
http://public.tableausoftware.com/workbooks/frequency_1to10_v6,frequency_1to10_v6
http://public.tableausoftware.com/workbooks/frequency_1to10_v7,frequency_1to10_v7
http://public.tableausoftware.com/workbooks/frequency_11to12_v6,frequency_11to12_v6
http://public.tableausoftware.com/workbooks/frequency_11to12_v7,frequency_11to12_v7
http://public.tableausoftware.com/workbooks/frequency_11to12_v8,frequency_11to12_v8
http://public.tableausoftware.com/workbooks/frequency_13to17_v3,frequency_13to17_v3
http://public.tableausoftware.com/workbooks/frequency_13to17_v4,frequency_13to17_v4
http://public.tableausoftware.com/workbooks/frequency_13to17_v5,frequency_13to17_v5
http://public.tableausoftware.com/workbooks/frequency_13to17_v6,frequency_13to17_v6
http://public.tableausoftware.com/workbooks/frequency_13to17_v7,frequency_13to17_v7
http://public.tableausoftware.com/workbooks/frequency_13to17_v8,frequency_13to17_v8
http://public.tableausoftware.com/workbooks/frequency_c14_v2,frequency_c14_v2
http://public.tableausoftware.com/workbooks/frequency_c14_v3,frequency_c14_v3
http://public.tableausoftware.com/workbooks/FreseniusKabiCostCalculator,FreseniusKabiCostCalculator
http://public.tableausoftware.com/workbooks/FreseniusKabiCostCalculatorOrigianl,FreseniusKabiCostCalculatorOrigianl
http://public.tableausoftware.com/workbooks/FreseniusKabiCostCalculatorOrigianl1,FreseniusKabiCostCalculatorOrigianl1
http://public.tableausoftware.com/workbooks/FreseniusKabiCostCalculatorV2,FreseniusKabiCostCalculatorV2
http://public.tableausoftware.com/workbooks/full-timetopart-time,full-timetopart-time
http://public.tableausoftware.com/workbooks/FunWLibNos,FunWLibNos
http://public.tableausoftware.com/workbooks/fusionfunds,fusionfunds
http://public.tableausoftware.com/workbooks/futbolcostarica,futbolcostarica
http://public.tableausoftware.com/workbooks/GainKPIbyIntiative,GainKPIbyIntiative
http://public.tableausoftware.com/workbooks/GalvestonCountyTX,GalvestonCountyTX
http://public.tableausoftware.com/workbooks/GapChart2,GapChart2
http://public.tableausoftware.com/workbooks/GapChart2_1,GapChart2_1
http://public.tableausoftware.com/workbooks/GartneySatisfactionSurvey2011Composite,GartneySatisfactionSurvey2011Composite
http://public.tableausoftware.com/workbooks/GCSEResults_0,GCSEResults_0
http://public.tableausoftware.com/workbooks/GCSEResults_1,GCSEResults_1
http://public.tableausoftware.com/workbooks/gdp,gdp
http://public.tableausoftware.com/workbooks/GDP_0,GDP_0
http://public.tableausoftware.com/workbooks/GDR,GDR
http://public.tableausoftware.com/workbooks/GeelongGrammarandNorthernBay,GeelongGrammarandNorthernBay
http://public.tableausoftware.com/workbooks/geenstijl,geenstijl
http://public.tableausoftware.com/workbooks/Gender-CityDashboard,Gender-CityDashboard
http://public.tableausoftware.com/workbooks/GiantClTable_2011_test6f,GiantClTable_2011_test6f
http://public.tableausoftware.com/workbooks/GiantClTable_2011_test6g,GiantClTable_2011_test6g
http://public.tableausoftware.com/workbooks/GISS2012Q1nar,GISS2012Q1nar
http://public.tableausoftware.com/workbooks/GISS2012Q2nar,GISS2012Q2nar
http://public.tableausoftware.com/workbooks/GISS2012Q9nar,GISS2012Q9nar
http://public.tableausoftware.com/workbooks/GISS2012Q17nar,GISS2012Q17nar
http://public.tableausoftware.com/workbooks/GISS2012Q18nar,GISS2012Q18nar
http://public.tableausoftware.com/workbooks/GISStest1,GISStest1
http://public.tableausoftware.com/workbooks/globalurbanpop,globalurbanpop
http://public.tableausoftware.com/workbooks/globalurbanpop_0,globalurbanpop_0
http://public.tableausoftware.com/workbooks/GoingDutchG1,GoingDutchG1
http://public.tableausoftware.com/workbooks/GoogleMapCompare_6_Dash,GoogleMapCompare_6_Dash
http://public.tableausoftware.com/workbooks/Googletakedowns,Googletakedowns
http://public.tableausoftware.com/workbooks/GPPFundingandSpending,GPPFundingandSpending
http://public.tableausoftware.com/workbooks/GradeLevelPRComp2012,GradeLevelPRComp2012
http://public.tableausoftware.com/workbooks/Graphs,Graphs
http://public.tableausoftware.com/workbooks/greencards,greencards
http://public.tableausoftware.com/workbooks/Grficodedispersin,Grficodedispersin
http://public.tableausoftware.com/workbooks/GrndefrStudienabbruch,GrndefrStudienabbruch
http://public.tableausoftware.com/workbooks/GrossDomesticProduct2_Dec2012,GrossDomesticProduct2_Dec2012
http://public.tableausoftware.com/workbooks/GrossDomesticProduct3_Dec2012,GrossDomesticProduct3_Dec2012
http://public.tableausoftware.com/workbooks/GroupSpending,GroupSpending
http://public.tableausoftware.com/workbooks/GuardianEuropePollResults,GuardianEuropePollResults
http://public.tableausoftware.com/workbooks/Guns_1,Guns_1
http://public.tableausoftware.com/workbooks/gys2010ver0_1,gys2010ver0_1
http://public.tableausoftware.com/workbooks/gys2010ver1,gys2010ver1
http://public.tableausoftware.com/workbooks/gys2010ver1_1,gys2010ver1_1
http://public.tableausoftware.com/workbooks/HealthAndDemographicDisparities,HealthAndDemographicDisparities
http://public.tableausoftware.com/workbooks/HealthAndDemographicDisparities1,HealthAndDemographicDisparities1
http://public.tableausoftware.com/workbooks/HealthAndDemographicDisparities_0,HealthAndDemographicDisparities_0
http://public.tableausoftware.com/workbooks/HealthAndDemographicDisparities_2,HealthAndDemographicDisparities_2
http://public.tableausoftware.com/workbooks/HealthAndDemographicDisparities_3,HealthAndDemographicDisparities_3
http://public.tableausoftware.com/workbooks/HighlightBug,HighlightBug
http://public.tableausoftware.com/workbooks/HighlightedCategoricalRanges,HighlightedCategoricalRanges
http://public.tableausoftware.com/workbooks/Historiade100,Historiade100
http://public.tableausoftware.com/workbooks/HoM,HoM
http://public.tableausoftware.com/workbooks/Homeopathy4,Homeopathy4
http://public.tableausoftware.com/workbooks/HomeopathyStatistics1,HomeopathyStatistics1
http://public.tableausoftware.com/workbooks/Homepage_Base,Homepage_Base
http://public.tableausoftware.com/workbooks/Homepage_Matrimoni,Homepage_Matrimoni
http://public.tableausoftware.com/workbooks/HomePage_Pira,HomePage_Pira
http://public.tableausoftware.com/workbooks/HomePage_PiraSingolo_Stranieri,HomePage_PiraSingolo_Stranieri
http://public.tableausoftware.com/workbooks/Homepage_SerieStoriche_1,Homepage_SerieStoriche_1
http://public.tableausoftware.com/workbooks/Homepage_SerieStoriche_2,Homepage_SerieStoriche_2
http://public.tableausoftware.com/workbooks/Homepage_SerieStoriche_2_BIS,Homepage_SerieStoriche_2_BIS
http://public.tableausoftware.com/workbooks/Homepage_SerieStoriche_4,Homepage_SerieStoriche_4
http://public.tableausoftware.com/workbooks/Homepage_SerieStoriche_5,Homepage_SerieStoriche_5
http://public.tableausoftware.com/workbooks/Homepage_SerieStoriche_6,Homepage_SerieStoriche_6
http://public.tableausoftware.com/workbooks/Homepage_SerieStoriche_6_BIS,Homepage_SerieStoriche_6_BIS
http://public.tableausoftware.com/workbooks/Homepage_SerieStoriche_7,Homepage_SerieStoriche_7
http://public.tableausoftware.com/workbooks/Houdbaarheid,Houdbaarheid
http://public.tableausoftware.com/workbooks/housingprices,housingprices
http://public.tableausoftware.com/workbooks/housingprices_0,housingprices_0
http://public.tableausoftware.com/workbooks/HowBigIsYourHockeystick2,HowBigIsYourHockeystick2
http://public.tableausoftware.com/workbooks/HowBigIsYourHockeystick2_0,HowBigIsYourHockeystick2_0
http://public.tableausoftware.com/workbooks/HowBigIsYourHockeystick2_1,HowBigIsYourHockeystick2_1
http://public.tableausoftware.com/workbooks/HowBigIsYourHockeystick2_2,HowBigIsYourHockeystick2_2
http://public.tableausoftware.com/workbooks/HowBigIsYourHockeystick2_3,HowBigIsYourHockeystick2_3
http://public.tableausoftware.com/workbooks/HowBigIsYourHockeystick2_4,HowBigIsYourHockeystick2_4
http://public.tableausoftware.com/workbooks/HowBigIsYourHockeystick2_5,HowBigIsYourHockeystick2_5
http://public.tableausoftware.com/workbooks/HowBigIsYourHockeystick2_6,HowBigIsYourHockeystick2_6
http://public.tableausoftware.com/workbooks/Howconfidentarebankingcustomers,Howconfidentarebankingcustomers
http://public.tableausoftware.com/workbooks/Howconfidentarebankingcustomers_0,Howconfidentarebankingcustomers_0
http://public.tableausoftware.com/workbooks/Howconfidentarebankingcustomers_1,Howconfidentarebankingcustomers_1
http://public.tableausoftware.com/workbooks/HSTVoteFINAL,HSTVoteFINAL
http://public.tableausoftware.com/workbooks/HSTVoteFINAL_1,HSTVoteFINAL_1
http://public.tableausoftware.com/workbooks/HTMLAnchors,HTMLAnchors
http://public.tableausoftware.com/workbooks/Iceland,Iceland
http://public.tableausoftware.com/workbooks/ideasparagranada,ideasparagranada
http://public.tableausoftware.com/workbooks/IFrameTest,IFrameTest
http://public.tableausoftware.com/workbooks/immstatscali,immstatscali
http://public.tableausoftware.com/workbooks/IndependentspendinginselectWI2010races,IndependentspendinginselectWI2010races
http://public.tableausoftware.com/workbooks/independentvariablesprofile_v3,independentvariablesprofile_v3
http://public.tableausoftware.com/workbooks/independentvariablesprofile_v4,independentvariablesprofile_v4
http://public.tableausoftware.com/workbooks/Indiamanufacturing_1,Indiamanufacturing_1
http://public.tableausoftware.com/workbooks/INDIAUI,INDIAUI
http://public.tableausoftware.com/workbooks/InitialClaims,InitialClaims
http://public.tableausoftware.com/workbooks/InstantCognitionPageViews,InstantCognitionPageViews
http://public.tableausoftware.com/workbooks/InstantCognitionPageViews2,InstantCognitionPageViews2
http://public.tableausoftware.com/workbooks/InternetTrafficeMonitor,InternetTrafficeMonitor
http://public.tableausoftware.com/workbooks/InternetTrafficeMonitor_1,InternetTrafficeMonitor_1
http://public.tableausoftware.com/workbooks/InvestmentCompaniesandSocialMedia,InvestmentCompaniesandSocialMedia
http://public.tableausoftware.com/workbooks/IOWADemographics,IOWADemographics
http://public.tableausoftware.com/workbooks/iPadandNotebooksalesedit,iPadandNotebooksalesedit
http://public.tableausoftware.com/workbooks/iPhone,iPhone
http://public.tableausoftware.com/workbooks/iphoneappdata,iphoneappdata
http://public.tableausoftware.com/workbooks/IphoneFormatDashboard,IphoneFormatDashboard
http://public.tableausoftware.com/workbooks/iPhonetest,iPhonetest
http://public.tableausoftware.com/workbooks/irweb-AllStudents-Major-Trend-Graph_beta2,irweb-AllStudents-Major-Trend-Graph_beta2
http://public.tableausoftware.com/workbooks/IssueChoice_0,IssueChoice_0
http://public.tableausoftware.com/workbooks/jagd,jagd
http://public.tableausoftware.com/workbooks/jagd_map,jagd_map
http://public.tableausoftware.com/workbooks/JLLreportonofficevacancy,JLLreportonofficevacancy
http://public.tableausoftware.com/workbooks/kaepnflchamp,kaepnflchamp
http://public.tableausoftware.com/workbooks/kiesdrempel,kiesdrempel
http://public.tableausoftware.com/workbooks/KiwiRetirementGuidelineAugust2012,KiwiRetirementGuidelineAugust2012
http://public.tableausoftware.com/workbooks/koopkracht,koopkracht
http://public.tableausoftware.com/workbooks/koopwoningen,koopwoningen
http://public.tableausoftware.com/workbooks/KPIDashboard_1,KPIDashboard_1
http://public.tableausoftware.com/workbooks/KPIforAmy,KPIforAmy
http://public.tableausoftware.com/workbooks/LASurvey,LASurvey
http://public.tableausoftware.com/workbooks/latvia,latvia
http://public.tableausoftware.com/workbooks/lawofdilbertcartoons,lawofdilbertcartoons
http://public.tableausoftware.com/workbooks/leeftijd,leeftijd
http://public.tableausoftware.com/workbooks/LEI,LEI
http://public.tableausoftware.com/workbooks/LesMilesMoneyDashboard,LesMilesMoneyDashboard
http://public.tableausoftware.com/workbooks/LibroPartidos,LibroPartidos
http://public.tableausoftware.com/workbooks/LieberandStoller,LieberandStoller
http://public.tableausoftware.com/workbooks/LifeExpectancy,LifeExpectancy
http://public.tableausoftware.com/workbooks/LifeSciencebystate,LifeSciencebystate
http://public.tableausoftware.com/workbooks/LifeScienceCityBarGraph,LifeScienceCityBarGraph
http://public.tableausoftware.com/workbooks/LifeScienceCityBarGraph_0,LifeScienceCityBarGraph_0
http://public.tableausoftware.com/workbooks/LifeScienceCityMap,LifeScienceCityMap
http://public.tableausoftware.com/workbooks/LifeScienceCityMap_0,LifeScienceCityMap_0
http://public.tableausoftware.com/workbooks/lin,lin
http://public.tableausoftware.com/workbooks/LineGraph_Blog_v2,LineGraph_Blog_v2
http://public.tableausoftware.com/workbooks/LineGraph_Day7,LineGraph_Day7
http://public.tableausoftware.com/workbooks/LineGraph_Day8,LineGraph_Day8
http://public.tableausoftware.com/workbooks/LineGraph_Day9,LineGraph_Day9
http://public.tableausoftware.com/workbooks/LineGraph_Day10,LineGraph_Day10
http://public.tableausoftware.com/workbooks/LineGraph_Day11,LineGraph_Day11
http://public.tableausoftware.com/workbooks/LineGraph_Day12,LineGraph_Day12
http://public.tableausoftware.com/workbooks/LineGraph_Day14,LineGraph_Day14
http://public.tableausoftware.com/workbooks/LineGraph_Day15,LineGraph_Day15
http://public.tableausoftware.com/workbooks/LineGraph_Day16,LineGraph_Day16
http://public.tableausoftware.com/workbooks/LineGraph_Day17,LineGraph_Day17
http://public.tableausoftware.com/workbooks/LineGraph_Day18,LineGraph_Day18
http://public.tableausoftware.com/workbooks/LineGraph_Day19,LineGraph_Day19
http://public.tableausoftware.com/workbooks/LineGraph_Day21,LineGraph_Day21
http://public.tableausoftware.com/workbooks/LineGraph_Day25,LineGraph_Day25
http://public.tableausoftware.com/workbooks/LineGraph_Day26,LineGraph_Day26
http://public.tableausoftware.com/workbooks/LJCC,LJCC
http://public.tableausoftware.com/workbooks/LoanGeographyAnalysis2,LoanGeographyAnalysis2
http://public.tableausoftware.com/workbooks/Londoncrime,Londoncrime
http://public.tableausoftware.com/workbooks/LongestServing,LongestServing
http://public.tableausoftware.com/workbooks/LoriViz,LoriViz
http://public.tableausoftware.com/workbooks/lossesbydateandraid2x485,lossesbydateandraid2x485
http://public.tableausoftware.com/workbooks/lossesbydateandraidx500,lossesbydateandraidx500
http://public.tableausoftware.com/workbooks/LostDecadeReturns,LostDecadeReturns
http://public.tableausoftware.com/workbooks/Louisiana,Louisiana
http://public.tableausoftware.com/workbooks/LTCMap,LTCMap
http://public.tableausoftware.com/workbooks/LTCMap-March2011,LTCMap-March2011
http://public.tableausoftware.com/workbooks/LTCMapEmbedTest,LTCMapEmbedTest
http://public.tableausoftware.com/workbooks/MaleParticipation,MaleParticipation
http://public.tableausoftware.com/workbooks/managergehaelter2011,managergehaelter2011
http://public.tableausoftware.com/workbooks/managergehaelter2011_0,managergehaelter2011_0
http://public.tableausoftware.com/workbooks/Map250,Map250
http://public.tableausoftware.com/workbooks/map_13,map_13
http://public.tableausoftware.com/workbooks/map_0611,map_0611
http://public.tableausoftware.com/workbooks/MapScaleExample,MapScaleExample
http://public.tableausoftware.com/workbooks/Marchweather,Marchweather
http://public.tableausoftware.com/workbooks/Marchweathernew,Marchweathernew
http://public.tableausoftware.com/workbooks/Maricopa,Maricopa
http://public.tableausoftware.com/workbooks/MaricopaCountyAZ,MaricopaCountyAZ
http://public.tableausoftware.com/workbooks/marketsharemodel,marketsharemodel
http://public.tableausoftware.com/workbooks/marketsharemodelcb,marketsharemodelcb
http://public.tableausoftware.com/workbooks/MastercardKPI,MastercardKPI
http://public.tableausoftware.com/workbooks/mean_1to9_v7,mean_1to9_v7
http://public.tableausoftware.com/workbooks/mean_1to9_v8,mean_1to9_v8
http://public.tableausoftware.com/workbooks/mean_1to9_v9,mean_1to9_v9
http://public.tableausoftware.com/workbooks/mean_1to9_v10,mean_1to9_v10
http://public.tableausoftware.com/workbooks/mean_1to9_v11,mean_1to9_v11
http://public.tableausoftware.com/workbooks/mean_1to9_v12,mean_1to9_v12
http://public.tableausoftware.com/workbooks/mean_1to9_v13,mean_1to9_v13
http://public.tableausoftware.com/workbooks/mean_1to9_v14,mean_1to9_v14
http://public.tableausoftware.com/workbooks/mean_1to9_v15,mean_1to9_v15
http://public.tableausoftware.com/workbooks/mean_1to9_v15_anonymous,mean_1to9_v15_anonymous
http://public.tableausoftware.com/workbooks/mean_11_v2,mean_11_v2
http://public.tableausoftware.com/workbooks/mean_11_v3,mean_11_v3
http://public.tableausoftware.com/workbooks/mean_11_v4,mean_11_v4
http://public.tableausoftware.com/workbooks/mean_11_v5,mean_11_v5
http://public.tableausoftware.com/workbooks/mean_11_v6,mean_11_v6
http://public.tableausoftware.com/workbooks/mean_11to14_v9,mean_11to14_v9
http://public.tableausoftware.com/workbooks/mean_11to14_v10,mean_11to14_v10
http://public.tableausoftware.com/workbooks/mean_11to14_v11,mean_11to14_v11
http://public.tableausoftware.com/workbooks/mean_11to14_v12,mean_11to14_v12
http://public.tableausoftware.com/workbooks/mean_11to14_v13,mean_11to14_v13
http://public.tableausoftware.com/workbooks/mean_11to14_v14,mean_11to14_v14
http://public.tableausoftware.com/workbooks/mean_11to14_v15,mean_11to14_v15
http://public.tableausoftware.com/workbooks/mean_11to14_v16,mean_11to14_v16
http://public.tableausoftware.com/workbooks/mean_11to14_v17,mean_11to14_v17
http://public.tableausoftware.com/workbooks/mean_11to14_v18,mean_11to14_v18
http://public.tableausoftware.com/workbooks/mean_11to14_v19,mean_11to14_v19
http://public.tableausoftware.com/workbooks/mean_11to14_v20,mean_11to14_v20
http://public.tableausoftware.com/workbooks/mean_15_v1,mean_15_v1
http://public.tableausoftware.com/workbooks/mean_15_v2,mean_15_v2
http://public.tableausoftware.com/workbooks/mean_15_v3,mean_15_v3
http://public.tableausoftware.com/workbooks/mean_15_v4,mean_15_v4
http://public.tableausoftware.com/workbooks/mean_15_v4_anonymous,mean_15_v4_anonymous
http://public.tableausoftware.com/workbooks/MedicaidSchoolsGFRevenues,MedicaidSchoolsGFRevenues
http://public.tableausoftware.com/workbooks/medizin2010,medizin2010
http://public.tableausoftware.com/workbooks/MedSchool,MedSchool
http://public.tableausoftware.com/workbooks/MetroVancouverpercapitaspending,MetroVancouverpercapitaspending
http://public.tableausoftware.com/workbooks/MichiganPPClinics,MichiganPPClinics
http://public.tableausoftware.com/workbooks/militaireuitgaven,militaireuitgaven
http://public.tableausoftware.com/workbooks/MIRevenuebyTaxType2011,MIRevenuebyTaxType2011
http://public.tableausoftware.com/workbooks/mlb_rankedlist_v5,mlb_rankedlist_v5
http://public.tableausoftware.com/workbooks/MLB_RankedList_v6,MLB_RankedList_v6
http://public.tableausoftware.com/workbooks/MLB_RankedList_v7,MLB_RankedList_v7
http://public.tableausoftware.com/workbooks/MLB_RankedList_v7a_1,MLB_RankedList_v7a_1
http://public.tableausoftware.com/workbooks/MLB_RankedList_v7b,MLB_RankedList_v7b
http://public.tableausoftware.com/workbooks/MLB_salaries,MLB_salaries
http://public.tableausoftware.com/workbooks/MLB_salariesjmedit,MLB_salariesjmedit
http://public.tableausoftware.com/workbooks/MobileAdExpenditureQ32012,MobileAdExpenditureQ32012
http://public.tableausoftware.com/workbooks/Mobiles,Mobiles
http://public.tableausoftware.com/workbooks/MobileTest_0,MobileTest_0
http://public.tableausoftware.com/workbooks/MonthlyZResearchHomeBoxTest,MonthlyZResearchHomeBoxTest
http://public.tableausoftware.com/workbooks/MoodysGreenstreet,MoodysGreenstreet
http://public.tableausoftware.com/workbooks/MortgageTax,MortgageTax
http://public.tableausoftware.com/workbooks/MSSurvey,MSSurvey
http://public.tableausoftware.com/workbooks/MultiCategoryDistribPR2012,MultiCategoryDistribPR2012
http://public.tableausoftware.com/workbooks/multimiljonairs,multimiljonairs
http://public.tableausoftware.com/workbooks/Municipios,Municipios
http://public.tableausoftware.com/workbooks/MXProductrefineries,MXProductrefineries
http://public.tableausoftware.com/workbooks/MXRoadFreight,MXRoadFreight
http://public.tableausoftware.com/workbooks/MySmallDashboard,MySmallDashboard
http://public.tableausoftware.com/workbooks/nahverkehr,nahverkehr
http://public.tableausoftware.com/workbooks/NetworkPRComp2012,NetworkPRComp2012
http://public.tableausoftware.com/workbooks/NewChart_ppt-ch_ForBlog,NewChart_ppt-ch_ForBlog
http://public.tableausoftware.com/workbooks/NewJerseyMunicipalityPopulations,NewJerseyMunicipalityPopulations
http://public.tableausoftware.com/workbooks/NEWRIVERGREEN50JUNE2012,NEWRIVERGREEN50JUNE2012
http://public.tableausoftware.com/workbooks/NEWRIVERGREEN50JUNE2012_0,NEWRIVERGREEN50JUNE2012_0
http://public.tableausoftware.com/workbooks/newtest,newtest
http://public.tableausoftware.com/workbooks/NewZealalndLatestQuakesGeonet,NewZealalndLatestQuakesGeonet
http://public.tableausoftware.com/workbooks/nfquickfacts-01,nfquickfacts-01
http://public.tableausoftware.com/workbooks/Nobelprizeinteracticemapsandtables,Nobelprizeinteracticemapsandtables
http://public.tableausoftware.com/workbooks/Non-zerosymmetries,Non-zerosymmetries
http://public.tableausoftware.com/workbooks/Non-zerosymmetriesRL,Non-zerosymmetriesRL
http://public.tableausoftware.com/workbooks/notinworkforce,notinworkforce
http://public.tableausoftware.com/workbooks/NRSPADD,NRSPADD
http://public.tableausoftware.com/workbooks/NRSPADD_0,NRSPADD_0
http://public.tableausoftware.com/workbooks/NumberofCommunitiesUnderDrinkingWaterAdvisories,NumberofCommunitiesUnderDrinkingWaterAdvisories
http://public.tableausoftware.com/workbooks/NumberofDegrees,NumberofDegrees
http://public.tableausoftware.com/workbooks/NutritionCountsCalculator,NutritionCountsCalculator
http://public.tableausoftware.com/workbooks/Obama-Romneyemployment,Obama-Romneyemployment
http://public.tableausoftware.com/workbooks/Obie4,Obie4
http://public.tableausoftware.com/workbooks/octubre-1,octubre-1
http://public.tableausoftware.com/workbooks/Offshorewindpipelinecapacity,Offshorewindpipelinecapacity
http://public.tableausoftware.com/workbooks/OhioSizePerformance_1,OhioSizePerformance_1
http://public.tableausoftware.com/workbooks/OhioVirtualSchoolsFinal,OhioVirtualSchoolsFinal
http://public.tableausoftware.com/workbooks/OhioVirtualSchoolsFinal_1,OhioVirtualSchoolsFinal_1
http://public.tableausoftware.com/workbooks/OilAndGasDemoiPhoneApp,OilAndGasDemoiPhoneApp
http://public.tableausoftware.com/workbooks/olympianage,olympianage
http://public.tableausoftware.com/workbooks/olympianage2,olympianage2
http://public.tableausoftware.com/workbooks/olympianage_1,olympianage_1
http://public.tableausoftware.com/workbooks/olympianage_6,olympianage_6
http://public.tableausoftware.com/workbooks/olympianage_7,olympianage_7
http://public.tableausoftware.com/workbooks/olympianage_13,olympianage_13
http://public.tableausoftware.com/workbooks/Olympicboroughs,Olympicboroughs
http://public.tableausoftware.com/workbooks/oncovcviz,oncovcviz
http://public.tableausoftware.com/workbooks/OpiatesNatl,OpiatesNatl
http://public.tableausoftware.com/workbooks/OpiatesZIP,OpiatesZIP
http://public.tableausoftware.com/workbooks/Opros1,Opros1
http://public.tableausoftware.com/workbooks/OtherCareMap,OtherCareMap
http://public.tableausoftware.com/workbooks/OtherCareMap-March2011,OtherCareMap-March2011
http://public.tableausoftware.com/workbooks/Ouderen,Ouderen
http://public.tableausoftware.com/workbooks/OverallPRComp2012,OverallPRComp2012
http://public.tableausoftware.com/workbooks/overseasoffices,overseasoffices
http://public.tableausoftware.com/workbooks/pab,pab
http://public.tableausoftware.com/workbooks/Pantanada1982-Zonaafectadaporlainundacin,Pantanada1982-Zonaafectadaporlainundacin
http://public.tableausoftware.com/workbooks/ParkinarodowewMaopolsce,ParkinarodowewMaopolsce
http://public.tableausoftware.com/workbooks/PassengerThroughputDRA,PassengerThroughputDRA
http://public.tableausoftware.com/workbooks/PaymarkJune2012_v1,PaymarkJune2012_v1
http://public.tableausoftware.com/workbooks/PaymarkJune2012_v2,PaymarkJune2012_v2
http://public.tableausoftware.com/workbooks/PaymarkMay2012_v2,PaymarkMay2012_v2
http://public.tableausoftware.com/workbooks/PaymarkMay2012_v3,PaymarkMay2012_v3
http://public.tableausoftware.com/workbooks/PCCElection,PCCElection
http://public.tableausoftware.com/workbooks/PentonFearGauge,PentonFearGauge
http://public.tableausoftware.com/workbooks/PentonSectorsWidget,PentonSectorsWidget
http://public.tableausoftware.com/workbooks/PercentDiff,PercentDiff
http://public.tableausoftware.com/workbooks/PersonalIncomeNation,PersonalIncomeNation
http://public.tableausoftware.com/workbooks/peyton,peyton
http://public.tableausoftware.com/workbooks/peytonluck,peytonluck
http://public.tableausoftware.com/workbooks/PfizerJobLossesMk2,PfizerJobLossesMk2
http://public.tableausoftware.com/workbooks/PhysiciansalariesinCanada,PhysiciansalariesinCanada
http://public.tableausoftware.com/workbooks/PIB-Componentesdelgasto,PIB-Componentesdelgasto
http://public.tableausoftware.com/workbooks/piesandbars,piesandbars
http://public.tableausoftware.com/workbooks/piesandbars_1,piesandbars_1
http://public.tableausoftware.com/workbooks/Pilot,Pilot
http://public.tableausoftware.com/workbooks/pinwheelfb,pinwheelfb
http://public.tableausoftware.com/workbooks/Pircharts,Pircharts
http://public.tableausoftware.com/workbooks/pitchersecondaryskills,pitchersecondaryskills
http://public.tableausoftware.com/workbooks/PlayerTradingDefensiveCheck_2,PlayerTradingDefensiveCheck_2
http://public.tableausoftware.com/workbooks/politicirandstad,politicirandstad
http://public.tableausoftware.com/workbooks/PopulationAnalysis,PopulationAnalysis
http://public.tableausoftware.com/workbooks/PopulationGrowthinAsia,PopulationGrowthinAsia
http://public.tableausoftware.com/workbooks/PopUp,PopUp
http://public.tableausoftware.com/workbooks/PopUp1,PopUp1
http://public.tableausoftware.com/workbooks/PostByNationality,PostByNationality
http://public.tableausoftware.com/workbooks/PotChargesOverTimeERROR,PotChargesOverTimeERROR
http://public.tableausoftware.com/workbooks/PovertyBlog,PovertyBlog
http://public.tableausoftware.com/workbooks/PPMbyMPG,PPMbyMPG
http://public.tableausoftware.com/workbooks/PR2012,PR2012
http://public.tableausoftware.com/workbooks/PredictingtheStockMarketUsingQ,PredictingtheStockMarketUsingQ
http://public.tableausoftware.com/workbooks/PredictingtheStockMarketUsingQPart2,PredictingtheStockMarketUsingQPart2
http://public.tableausoftware.com/workbooks/premier_league,premier_league
http://public.tableausoftware.com/workbooks/premier_league-test,premier_league-test
http://public.tableausoftware.com/workbooks/premier_league_0,premier_league_0
http://public.tableausoftware.com/workbooks/premier_league_1,premier_league_1
http://public.tableausoftware.com/workbooks/premier_league_2,premier_league_2
http://public.tableausoftware.com/workbooks/product,product
http://public.tableausoftware.com/workbooks/Provahomepage,Provahomepage
http://public.tableausoftware.com/workbooks/Provincias,Provincias
http://public.tableausoftware.com/workbooks/PruductieAfrikaalsBNP,PruductieAfrikaalsBNP
http://public.tableausoftware.com/workbooks/Prueba1_12,Prueba1_12
http://public.tableausoftware.com/workbooks/PublicCharities_0,PublicCharities_0
http://public.tableausoftware.com/workbooks/PYCC,PYCC
http://public.tableausoftware.com/workbooks/q3vc,q3vc
http://public.tableausoftware.com/workbooks/qbdropoffs,qbdropoffs
http://public.tableausoftware.com/workbooks/QBPreseasonAnalysis,QBPreseasonAnalysis
http://public.tableausoftware.com/workbooks/quadriplot,quadriplot
http://public.tableausoftware.com/workbooks/QuantccHomepageLogo,QuantccHomepageLogo
http://public.tableausoftware.com/workbooks/quartelychange3,quartelychange3
http://public.tableausoftware.com/workbooks/RankingFIFA_0,RankingFIFA_0
http://public.tableausoftware.com/workbooks/rbypcatt,rbypcatt
http://public.tableausoftware.com/workbooks/ReadinessBenchmarks,ReadinessBenchmarks
http://public.tableausoftware.com/workbooks/reflinebehindbarmark,reflinebehindbarmark
http://public.tableausoftware.com/workbooks/REINZMediaPriceVSstratified_v1,REINZMediaPriceVSstratified_v1
http://public.tableausoftware.com/workbooks/REINZMediaPriceVSstratifiedDec_v1,REINZMediaPriceVSstratifiedDec_v1
http://public.tableausoftware.com/workbooks/Results2012,Results2012
http://public.tableausoftware.com/workbooks/retailtrends,retailtrends
http://public.tableausoftware.com/workbooks/retailtrends2,retailtrends2
http://public.tableausoftware.com/workbooks/retailtrends3,retailtrends3
http://public.tableausoftware.com/workbooks/retailtrends4,retailtrends4
http://public.tableausoftware.com/workbooks/retailtrendsaus,retailtrendsaus
http://public.tableausoftware.com/workbooks/rg3vsluck,rg3vsluck
http://public.tableausoftware.com/workbooks/rijken,rijken
http://public.tableausoftware.com/workbooks/RoadAccidents,RoadAccidents
http://public.tableausoftware.com/workbooks/Roadtollupdated,Roadtollupdated
http://public.tableausoftware.com/workbooks/Roadtollupdated2,Roadtollupdated2
http://public.tableausoftware.com/workbooks/roethlisberger,roethlisberger
http://public.tableausoftware.com/workbooks/ROIWorkbook,ROIWorkbook
http://public.tableausoftware.com/workbooks/ROIWorkbook2,ROIWorkbook2
http://public.tableausoftware.com/workbooks/ROMLeaders,ROMLeaders
http://public.tableausoftware.com/workbooks/RWC2011semi-finalistskickingstats,RWC2011semi-finalistskickingstats
http://public.tableausoftware.com/workbooks/SafeSchools,SafeSchools
http://public.tableausoftware.com/workbooks/Sample4,Sample4
http://public.tableausoftware.com/workbooks/SampleDashboards-TCC-DashboardLayouts,SampleDashboards-TCC-DashboardLayouts
http://public.tableausoftware.com/workbooks/SampleFlow,SampleFlow
http://public.tableausoftware.com/workbooks/sanity,sanity
http://public.tableausoftware.com/workbooks/SAPLevelingthePlayingField,SAPLevelingthePlayingField
http://public.tableausoftware.com/workbooks/SAPLevelingthePlayingFieldChart1alternative,SAPLevelingthePlayingFieldChart1alternative
http://public.tableausoftware.com/workbooks/SAPLevelingthePlayingFieldInteractiveChart1,SAPLevelingthePlayingFieldInteractiveChart1
http://public.tableausoftware.com/workbooks/SAPLevelingthePlayingFieldInteractiveChart1_1,SAPLevelingthePlayingFieldInteractiveChart1_1
http://public.tableausoftware.com/workbooks/sargassopoll,sargassopoll
http://public.tableausoftware.com/workbooks/Sariindundajalbanhansh,Sariindundajalbanhansh
http://public.tableausoftware.com/workbooks/SaturdayPowellBartExits420x400,SaturdayPowellBartExits420x400
http://public.tableausoftware.com/workbooks/Schedule-,Schedule-
http://public.tableausoftware.com/workbooks/Schema_prova,Schema_prova
http://public.tableausoftware.com/workbooks/Scholarship4rthOctober,Scholarship4rthOctober
http://public.tableausoftware.com/workbooks/ScholarshipApplicationNew,ScholarshipApplicationNew
http://public.tableausoftware.com/workbooks/Scholenpersoneel,Scholenpersoneel
http://public.tableausoftware.com/workbooks/school_superint_pay,school_superint_pay
http://public.tableausoftware.com/workbooks/schuldeneuropa,schuldeneuropa
http://public.tableausoftware.com/workbooks/schuldeuropa,schuldeuropa
http://public.tableausoftware.com/workbooks/SEAUUPGs-ResearchHomePage,SEAUUPGs-ResearchHomePage
http://public.tableausoftware.com/workbooks/Septiembre-02,Septiembre-02
http://public.tableausoftware.com/workbooks/Septiembre-03,Septiembre-03
http://public.tableausoftware.com/workbooks/SevernBridgeTolls,SevernBridgeTolls
http://public.tableausoftware.com/workbooks/SexoffendersandWisconsinnursinghomes,SexoffendersandWisconsinnursinghomes
http://public.tableausoftware.com/workbooks/ShareofViewership,ShareofViewership
http://public.tableausoftware.com/workbooks/SiBvsGoals,SiBvsGoals
http://public.tableausoftware.com/workbooks/SIGDataFINAL,SIGDataFINAL
http://public.tableausoftware.com/workbooks/SIGDataFINAL_1,SIGDataFINAL_1
http://public.tableausoftware.com/workbooks/SIGDataFINAL_2,SIGDataFINAL_2
http://public.tableausoftware.com/workbooks/SIGDataFINAL_3,SIGDataFINAL_3
http://public.tableausoftware.com/workbooks/SIGDataFINAL_ED,SIGDataFINAL_ED
http://public.tableausoftware.com/workbooks/SingleMothers_0,SingleMothers_0
http://public.tableausoftware.com/workbooks/SMinvestmentcompaniesbanks,SMinvestmentcompaniesbanks
http://public.tableausoftware.com/workbooks/SoccerPart5,SoccerPart5
http://public.tableausoftware.com/workbooks/SoccerPart8,SoccerPart8
http://public.tableausoftware.com/workbooks/SoStoDate,SoStoDate
http://public.tableausoftware.com/workbooks/splash,splash
http://public.tableausoftware.com/workbooks/SSIClickKnowledge23,SSIClickKnowledge23
http://public.tableausoftware.com/workbooks/SSIClickKnowledge23_0,SSIClickKnowledge23_0
http://public.tableausoftware.com/workbooks/SSIClickKnowledge23_1,SSIClickKnowledge23_1
http://public.tableausoftware.com/workbooks/SSIClickKnowledge23_2,SSIClickKnowledge23_2
http://public.tableausoftware.com/workbooks/SSIClickKnowledge23_3,SSIClickKnowledge23_3
http://public.tableausoftware.com/workbooks/SSIClickKnowledge23_4,SSIClickKnowledge23_4
http://public.tableausoftware.com/workbooks/SSIClickKnowledge23new,SSIClickKnowledge23new
http://public.tableausoftware.com/workbooks/SSIClickKnowledge23Revisedupdate,SSIClickKnowledge23Revisedupdate
http://public.tableausoftware.com/workbooks/SSIClickKnowledge23Revisedupdate_0,SSIClickKnowledge23Revisedupdate_0
http://public.tableausoftware.com/workbooks/SSIClickKnowledge24,SSIClickKnowledge24
http://public.tableausoftware.com/workbooks/SSIClickKnowledge30,SSIClickKnowledge30
http://public.tableausoftware.com/workbooks/SSIClickKnowledge31,SSIClickKnowledge31
http://public.tableausoftware.com/workbooks/SSIClickKnowledge32,SSIClickKnowledge32
http://public.tableausoftware.com/workbooks/SSIClickKnowledge32_0,SSIClickKnowledge32_0
http://public.tableausoftware.com/workbooks/SSIClickKnowledge33,SSIClickKnowledge33
http://public.tableausoftware.com/workbooks/SSIClickKnowledge33_0,SSIClickKnowledge33_0
http://public.tableausoftware.com/workbooks/SSIClickKnowledge34,SSIClickKnowledge34
http://public.tableausoftware.com/workbooks/SSIClickKnowledge34_0,SSIClickKnowledge34_0
http://public.tableausoftware.com/workbooks/SSIClickKnowledgeMaster_8,SSIClickKnowledgeMaster_8
http://public.tableausoftware.com/workbooks/SSIClickKnowledgeMaster_02,SSIClickKnowledgeMaster_02
http://public.tableausoftware.com/workbooks/SSIClickKnowledgeMaster_07,SSIClickKnowledgeMaster_07
http://public.tableausoftware.com/workbooks/staatssteun,staatssteun
http://public.tableausoftware.com/workbooks/staedte2011,staedte2011
http://public.tableausoftware.com/workbooks/StAnnes-Sub_1,StAnnes-Sub_1
http://public.tableausoftware.com/workbooks/StarcraftVisualization,StarcraftVisualization
http://public.tableausoftware.com/workbooks/StatewideMCASEnglishscoresGrade10,StatewideMCASEnglishscoresGrade10
http://public.tableausoftware.com/workbooks/StCharlesCountyMO,StCharlesCountyMO
http://public.tableausoftware.com/workbooks/StimulusSpendingVisualization-Blog,StimulusSpendingVisualization-Blog
http://public.tableausoftware.com/workbooks/Storm-Analysis-6_0_2,Storm-Analysis-6_0_2
http://public.tableausoftware.com/workbooks/StudienerfolgsquoteaufTertirstufeA,StudienerfolgsquoteaufTertirstufeA
http://public.tableausoftware.com/workbooks/studiengebhren2012,studiengebhren2012
http://public.tableausoftware.com/workbooks/surlatable,surlatable
http://public.tableausoftware.com/workbooks/TabbedScholarshipDashboard,TabbedScholarshipDashboard
http://public.tableausoftware.com/workbooks/Tableau-BarsAndLines,Tableau-BarsAndLines
http://public.tableausoftware.com/workbooks/Tableau-BarsAndLines_2,Tableau-BarsAndLines_2
http://public.tableausoftware.com/workbooks/TableauCountExample,TableauCountExample
http://public.tableausoftware.com/workbooks/tablesintheeasy,tablesintheeasy
http://public.tableausoftware.com/workbooks/Taleof100,Taleof100
http://public.tableausoftware.com/workbooks/taleof100,taleof100
http://public.tableausoftware.com/workbooks/taleof100-hvs,taleof100-hvs
http://public.tableausoftware.com/workbooks/taleof100-hvs2,taleof100-hvs2
http://public.tableausoftware.com/workbooks/taleof100-hvs3,taleof100-hvs3
http://public.tableausoftware.com/workbooks/taleof100-hvs4,taleof100-hvs4
http://public.tableausoftware.com/workbooks/Taleof100-test,Taleof100-test
http://public.tableausoftware.com/workbooks/Taleof100_0,Taleof100_0
http://public.tableausoftware.com/workbooks/taleof100_0,taleof100_0
http://public.tableausoftware.com/workbooks/taleof100_1,taleof100_1
http://public.tableausoftware.com/workbooks/taleof100_2,taleof100_2
http://public.tableausoftware.com/workbooks/taleof100_3,taleof100_3
http://public.tableausoftware.com/workbooks/taleof100_4,taleof100_4
http://public.tableausoftware.com/workbooks/taleof100_5,taleof100_5
http://public.tableausoftware.com/workbooks/taleof100_6,taleof100_6
http://public.tableausoftware.com/workbooks/taleof100_7,taleof100_7
http://public.tableausoftware.com/workbooks/taleof100_8,taleof100_8
http://public.tableausoftware.com/workbooks/taleof100_10,taleof100_10
http://public.tableausoftware.com/workbooks/taleof100_11,taleof100_11
http://public.tableausoftware.com/workbooks/taleof100_12,taleof100_12
http://public.tableausoftware.com/workbooks/taleof100_13,taleof100_13
http://public.tableausoftware.com/workbooks/taleof100_14,taleof100_14
http://public.tableausoftware.com/workbooks/taleof100_15,taleof100_15
http://public.tableausoftware.com/workbooks/taleof100_16,taleof100_16
http://public.tableausoftware.com/workbooks/taleof100_17,taleof100_17
http://public.tableausoftware.com/workbooks/taleof100_18,taleof100_18
http://public.tableausoftware.com/workbooks/taleof100_19,taleof100_19
http://public.tableausoftware.com/workbooks/taleof100_20,taleof100_20
http://public.tableausoftware.com/workbooks/taleof100_21,taleof100_21
http://public.tableausoftware.com/workbooks/taleof100_22,taleof100_22
http://public.tableausoftware.com/workbooks/taleof100_23,taleof100_23
http://public.tableausoftware.com/workbooks/taleof100_24,taleof100_24
http://public.tableausoftware.com/workbooks/taleof100_25,taleof100_25
http://public.tableausoftware.com/workbooks/taleof100_26,taleof100_26
http://public.tableausoftware.com/workbooks/taleof100_27,taleof100_27
http://public.tableausoftware.com/workbooks/taleof100_28,taleof100_28
http://public.tableausoftware.com/workbooks/taleof100_29,taleof100_29
http://public.tableausoftware.com/workbooks/taleof100_30,taleof100_30
http://public.tableausoftware.com/workbooks/taleof100_31,taleof100_31
http://public.tableausoftware.com/workbooks/taleof100_32,taleof100_32
http://public.tableausoftware.com/workbooks/taleof100_33,taleof100_33
http://public.tableausoftware.com/workbooks/taleof100_34,taleof100_34
http://public.tableausoftware.com/workbooks/taleof100_35,taleof100_35
http://public.tableausoftware.com/workbooks/taleof100_36,taleof100_36
http://public.tableausoftware.com/workbooks/taleof100_37,taleof100_37
http://public.tableausoftware.com/workbooks/taleof100_38,taleof100_38
http://public.tableausoftware.com/workbooks/taleof100_39,taleof100_39
http://public.tableausoftware.com/workbooks/taleof100_40,taleof100_40
http://public.tableausoftware.com/workbooks/taleof100_41,taleof100_41
http://public.tableausoftware.com/workbooks/taleof100_42,taleof100_42
http://public.tableausoftware.com/workbooks/taleof100_43,taleof100_43
http://public.tableausoftware.com/workbooks/taleof100_44,taleof100_44
http://public.tableausoftware.com/workbooks/taleof100_45,taleof100_45
http://public.tableausoftware.com/workbooks/taleof100_46,taleof100_46
http://public.tableausoftware.com/workbooks/taleof100_47,taleof100_47
http://public.tableausoftware.com/workbooks/taleof100_48,taleof100_48
http://public.tableausoftware.com/workbooks/taleof100_49,taleof100_49
http://public.tableausoftware.com/workbooks/taleof100_50,taleof100_50
http://public.tableausoftware.com/workbooks/taleof100_51,taleof100_51
http://public.tableausoftware.com/workbooks/taleof100_52,taleof100_52
http://public.tableausoftware.com/workbooks/taleof100pub,taleof100pub
http://public.tableausoftware.com/workbooks/taleof100test,taleof100test
http://public.tableausoftware.com/workbooks/taleof1000,taleof1000
http://public.tableausoftware.com/workbooks/taleof1001,taleof1001
http://public.tableausoftware.com/workbooks/taleof1002,taleof1002
http://public.tableausoftware.com/workbooks/taleof1009,taleof1009
http://public.tableausoftware.com/workbooks/tas,tas
http://public.tableausoftware.com/workbooks/TatarService1785-1852,TatarService1785-1852
http://public.tableausoftware.com/workbooks/TCC2011,TCC2011
http://public.tableausoftware.com/workbooks/TCCExcitometer,TCCExcitometer
http://public.tableausoftware.com/workbooks/Team_Season_PC,Team_Season_PC
http://public.tableausoftware.com/workbooks/TeamEPAsmall,TeamEPAsmall
http://public.tableausoftware.com/workbooks/TeaPartyNationalismtest2,TeaPartyNationalismtest2
http://public.tableausoftware.com/workbooks/telefonieren2011,telefonieren2011
http://public.tableausoftware.com/workbooks/ternary,ternary
http://public.tableausoftware.com/workbooks/TerrorAtlas,TerrorAtlas
http://public.tableausoftware.com/workbooks/Test2_39,Test2_39
http://public.tableausoftware.com/workbooks/Test2011_Final,Test2011_Final
http://public.tableausoftware.com/workbooks/Test-03-2013-JB,Test-03-2013-JB
http://public.tableausoftware.com/workbooks/test_33,test_33
http://public.tableausoftware.com/workbooks/Test_95,Test_95
http://public.tableausoftware.com/workbooks/teste3,teste3
http://public.tableausoftware.com/workbooks/tester_0611_5,tester_0611_5
http://public.tableausoftware.com/workbooks/tester_0611_6,tester_0611_6
http://public.tableausoftware.com/workbooks/TestGraphic,TestGraphic
http://public.tableausoftware.com/workbooks/TestingCompany,TestingCompany
http://public.tableausoftware.com/workbooks/the_growth_of_walmart_v6,the_growth_of_walmart_v6
http://public.tableausoftware.com/workbooks/Time_Series,Time_Series
http://public.tableausoftware.com/workbooks/Times-Online,Times-Online
http://public.tableausoftware.com/workbooks/Tip,Tip
http://public.tableausoftware.com/workbooks/Tip1003,Tip1003
http://public.tableausoftware.com/workbooks/top10dotplot,top10dotplot
http://public.tableausoftware.com/workbooks/TopFiveCropsbyHarvestedAreainWestAfrica,TopFiveCropsbyHarvestedAreainWestAfrica
http://public.tableausoftware.com/workbooks/TopFiveCropsbyHarvestedAreainWestAfrica_0,TopFiveCropsbyHarvestedAreainWestAfrica_0
http://public.tableausoftware.com/workbooks/tornadodeaths,tornadodeaths
http://public.tableausoftware.com/workbooks/TornadoDeathsin2011,TornadoDeathsin2011
http://public.tableausoftware.com/workbooks/tow_av_numbers,tow_av_numbers
http://public.tableausoftware.com/workbooks/TradeUnionMembership,TradeUnionMembership
http://public.tableausoftware.com/workbooks/treemaps,treemaps
http://public.tableausoftware.com/workbooks/tu_studis,tu_studis
http://public.tableausoftware.com/workbooks/U_S_A_ElectricityDemandStatistics,U_S_A_ElectricityDemandStatistics
http://public.tableausoftware.com/workbooks/U_S_A_ElectricitySupplyStatistics,U_S_A_ElectricitySupplyStatistics
http://public.tableausoftware.com/workbooks/uirategraph,uirategraph
http://public.tableausoftware.com/workbooks/uirategraph_dashboard,uirategraph_dashboard
http://public.tableausoftware.com/workbooks/UKCountries_Clearing2012_Day4,UKCountries_Clearing2012_Day4
http://public.tableausoftware.com/workbooks/UKCountries_Clearing2012_Day5,UKCountries_Clearing2012_Day5
http://public.tableausoftware.com/workbooks/UKCountries_Clearing2012_Day5b,UKCountries_Clearing2012_Day5b
http://public.tableausoftware.com/workbooks/UKCountries_Clearing2012_Day6,UKCountries_Clearing2012_Day6
http://public.tableausoftware.com/workbooks/UKCountries_Clearing2012_Day7,UKCountries_Clearing2012_Day7
http://public.tableausoftware.com/workbooks/UKCountries_Clearing2012_Day7b,UKCountries_Clearing2012_Day7b
http://public.tableausoftware.com/workbooks/UKCountries_Clearing2012_Day8,UKCountries_Clearing2012_Day8
http://public.tableausoftware.com/workbooks/UKCountries_Clearing2012_Day9,UKCountries_Clearing2012_Day9
http://public.tableausoftware.com/workbooks/UKCountries_Clearing2012_Day10,UKCountries_Clearing2012_Day10
http://public.tableausoftware.com/workbooks/UKCountries_Clearing2012_Day11,UKCountries_Clearing2012_Day11
http://public.tableausoftware.com/workbooks/UKCountries_Clearing2012_Day12,UKCountries_Clearing2012_Day12
http://public.tableausoftware.com/workbooks/UKCountries_Clearing2012_Day14,UKCountries_Clearing2012_Day14
http://public.tableausoftware.com/workbooks/UKCountries_Clearing2012_Day15,UKCountries_Clearing2012_Day15
http://public.tableausoftware.com/workbooks/UKCountries_Clearing2012_Day16,UKCountries_Clearing2012_Day16
http://public.tableausoftware.com/workbooks/UKCountries_Clearing2012_Day17,UKCountries_Clearing2012_Day17
http://public.tableausoftware.com/workbooks/UKCountries_Clearing2012_Day18,UKCountries_Clearing2012_Day18
http://public.tableausoftware.com/workbooks/UKCountries_Clearing2012_Day19,UKCountries_Clearing2012_Day19
http://public.tableausoftware.com/workbooks/UKCountries_Clearing2012_Day20,UKCountries_Clearing2012_Day20
http://public.tableausoftware.com/workbooks/UKCountries_Clearing2012_Day21,UKCountries_Clearing2012_Day21
http://public.tableausoftware.com/workbooks/UKCountries_Clearing2012_Day25,UKCountries_Clearing2012_Day25
http://public.tableausoftware.com/workbooks/UKheatmap,UKheatmap
http://public.tableausoftware.com/workbooks/UKMHRAlicensedsites,UKMHRAlicensedsites
http://public.tableausoftware.com/workbooks/UKVisitors,UKVisitors
http://public.tableausoftware.com/workbooks/Unemployment-Mar2013,Unemployment-Mar2013
http://public.tableausoftware.com/workbooks/Unemployment-Nov12,Unemployment-Nov12
http://public.tableausoftware.com/workbooks/Unemployment-Sep,Unemployment-Sep
http://public.tableausoftware.com/workbooks/UnemploymentvU-6,UnemploymentvU-6
http://public.tableausoftware.com/workbooks/UniSurvey,UniSurvey
http://public.tableausoftware.com/workbooks/Universe-Sex2,Universe-Sex2
http://public.tableausoftware.com/workbooks/UNOKPITest,UNOKPITest
http://public.tableausoftware.com/workbooks/UnternehmeninDeutschland,UnternehmeninDeutschland
http://public.tableausoftware.com/workbooks/urbancounty,urbancounty
http://public.tableausoftware.com/workbooks/US_in_Canada,US_in_Canada
http://public.tableausoftware.com/workbooks/us_wahl_swingstates,us_wahl_swingstates
http://public.tableausoftware.com/workbooks/usmeatsconsumptionFASdata,usmeatsconsumptionFASdata
http://public.tableausoftware.com/workbooks/UtahEmployment,UtahEmployment
http://public.tableausoftware.com/workbooks/uwneb3,uwneb3
http://public.tableausoftware.com/workbooks/ValuingRealEstate,ValuingRealEstate
http://public.tableausoftware.com/workbooks/van_av_cost_rev,van_av_cost_rev
http://public.tableausoftware.com/workbooks/Vancouverriotchargesmap,Vancouverriotchargesmap
http://public.tableausoftware.com/workbooks/VariableMovingAverage,VariableMovingAverage
http://public.tableausoftware.com/workbooks/VenusSunWalking,VenusSunWalking
http://public.tableausoftware.com/workbooks/Victoriasfuturepopulation,Victoriasfuturepopulation
http://public.tableausoftware.com/workbooks/VirginActiveClassFinder,VirginActiveClassFinder
http://public.tableausoftware.com/workbooks/vlabmonthlynumberofusers,vlabmonthlynumberofusers
http://public.tableausoftware.com/workbooks/vorzeitiges_wochengeld,vorzeitiges_wochengeld
http://public.tableausoftware.com/workbooks/vote-palestine_en,vote-palestine_en
http://public.tableausoftware.com/workbooks/VS2012,VS2012
http://public.tableausoftware.com/workbooks/WaltonfamilycontribstoWIlegis2009-2010,WaltonfamilycontribstoWIlegis2009-2010
http://public.tableausoftware.com/workbooks/wapenssyrie,wapenssyrie
http://public.tableausoftware.com/workbooks/warcostGDP,warcostGDP
http://public.tableausoftware.com/workbooks/warcosts1,warcosts1
http://public.tableausoftware.com/workbooks/Waterfall2011-6_0,Waterfall2011-6_0
http://public.tableausoftware.com/workbooks/WealthandIncomes,WealthandIncomes
http://public.tableausoftware.com/workbooks/WebTest_Permits,WebTest_Permits
http://public.tableausoftware.com/workbooks/WeddingGuestList,WeddingGuestList
http://public.tableausoftware.com/workbooks/week6anfls,week6anfls
http://public.tableausoftware.com/workbooks/werkgelegenheid,werkgelegenheid
http://public.tableausoftware.com/workbooks/werkloosheid_0,werkloosheid_0
http://public.tableausoftware.com/workbooks/WerkloosheidEUjanuari2013,WerkloosheidEUjanuari2013
http://public.tableausoftware.com/workbooks/WerkloosheidEuropa15-64jaar,WerkloosheidEuropa15-64jaar
http://public.tableausoftware.com/workbooks/Werkloosheidouderenvsjongeren,Werkloosheidouderenvsjongeren
http://public.tableausoftware.com/workbooks/WhereIveLived,WhereIveLived
http://public.tableausoftware.com/workbooks/WhereWeWereIn2010,WhereWeWereIn2010
http://public.tableausoftware.com/workbooks/WherewillJabariParkergo,WherewillJabariParkergo
http://public.tableausoftware.com/workbooks/Whydocustomerschangebanks,Whydocustomerschangebanks
http://public.tableausoftware.com/workbooks/Whydocustomerschangebanks_0,Whydocustomerschangebanks_0
http://public.tableausoftware.com/workbooks/Whydocustomerschangebanks_1,Whydocustomerschangebanks_1
http://public.tableausoftware.com/workbooks/Whydocustomerschangebanks_2,Whydocustomerschangebanks_2
http://public.tableausoftware.com/workbooks/Whydocustomerschangebanks_3,Whydocustomerschangebanks_3
http://public.tableausoftware.com/workbooks/Whydocustomerschangebanks_4,Whydocustomerschangebanks_4
http://public.tableausoftware.com/workbooks/Whydocustomersusemorethanonebank,Whydocustomersusemorethanonebank
http://public.tableausoftware.com/workbooks/Whydocustomersusemorethanonebank_0,Whydocustomersusemorethanonebank_0
http://public.tableausoftware.com/workbooks/Whydocustomersusemorethanonebank_1,Whydocustomersusemorethanonebank_1
http://public.tableausoftware.com/workbooks/Whydocustomersusemorethanonebank_2,Whydocustomersusemorethanonebank_2
http://public.tableausoftware.com/workbooks/Whydocustomersusemorethanonebank_3,Whydocustomersusemorethanonebank_3
http://public.tableausoftware.com/workbooks/Whydocustomersusemorethanonebank_4,Whydocustomersusemorethanonebank_4
http://public.tableausoftware.com/workbooks/Whydocustomersusemorethanonebank_5,Whydocustomersusemorethanonebank_5
http://public.tableausoftware.com/workbooks/WildcardForwards,WildcardForwards
http://public.tableausoftware.com/workbooks/Wimbledon_wins_by_ranking_Freakalytics_Guardian,Wimbledon_wins_by_ranking_Freakalytics_Guardian
http://public.tableausoftware.com/workbooks/Wimbledon_wins_ranking_by_Freakalytics_Guardian,Wimbledon_wins_ranking_by_Freakalytics_Guardian
http://public.tableausoftware.com/workbooks/Wisconsinexitpolls,Wisconsinexitpolls
http://public.tableausoftware.com/workbooks/Wisconsinhigh-schoolmilitaryrecruitment,Wisconsinhigh-schoolmilitaryrecruitment
http://public.tableausoftware.com/workbooks/Wisconsinsuicides1999-2011-natlonly,Wisconsinsuicides1999-2011-natlonly
http://public.tableausoftware.com/workbooks/Wismanufacuturingjobs1998-2012,Wismanufacuturingjobs1998-2012
http://public.tableausoftware.com/workbooks/WomeninIT,WomeninIT
http://public.tableausoftware.com/workbooks/WorcesterCountyMA,WorcesterCountyMA
http://public.tableausoftware.com/workbooks/WorkProgrammescatters,WorkProgrammescatters
http://public.tableausoftware.com/workbooks/WPIpipelinecapacitytable,WPIpipelinecapacitytable
http://public.tableausoftware.com/workbooks/WPIpipelinedashboard,WPIpipelinedashboard
http://public.tableausoftware.com/workbooks/YeaOnPay,YeaOnPay
http://public.tableausoftware.com/workbooks/YouGovPoll,YouGovPoll
http://public.tableausoftware.com/workbooks/YoungPeopleandFirstTimeBuyers,YoungPeopleandFirstTimeBuyers
http://public.tableausoftware.com/workbooks/zorgkosten2,zorgkosten2
http://public.tableausoftware.com/workbooks/400C_LaborForceDataMap,400C_LaborForceDataMap
http://public.tableausoftware.com/workbooks/2013MLSraces,2013MLSraces
http://public.tableausoftware.com/workbooks/AdexMobileConcept,AdexMobileConcept
http://public.tableausoftware.com/workbooks/AgeofOlympicGoldMedalists,AgeofOlympicGoldMedalists
http://public.tableausoftware.com/workbooks/AgeStructureofCollegeEnrollment,AgeStructureofCollegeEnrollment
http://public.tableausoftware.com/workbooks/ArrowChartsExample,ArrowChartsExample
http://public.tableausoftware.com/workbooks/ASvxLV,ASvxLV
http://public.tableausoftware.com/workbooks/ASvxLV-style,ASvxLV-style
http://public.tableausoftware.com/workbooks/ASvxLV-style_0,ASvxLV-style_0
http://public.tableausoftware.com/workbooks/AUS-10YearHigherEducation,AUS-10YearHigherEducation
http://public.tableausoftware.com/workbooks/BackButtonDemo,BackButtonDemo
http://public.tableausoftware.com/workbooks/BC2013Election-Candidates,BC2013Election-Candidates
http://public.tableausoftware.com/workbooks/BC2013Election-Candidates-BackupbeforeFinal,BC2013Election-Candidates-BackupbeforeFinal
http://public.tableausoftware.com/workbooks/BC2013Election-CandidatesBACKUP,BC2013Election-CandidatesBACKUP
http://public.tableausoftware.com/workbooks/blah2,blah2
http://public.tableausoftware.com/workbooks/blah_0,blah_0
http://public.tableausoftware.com/workbooks/Book1_1207,Book1_1207
http://public.tableausoftware.com/workbooks/Book4_578,Book4_578
http://public.tableausoftware.com/workbooks/Brainemail,Brainemail
http://public.tableausoftware.com/workbooks/Brnehaver_0,Brnehaver_0
http://public.tableausoftware.com/workbooks/BvScSFTC_ge1,BvScSFTC_ge1
http://public.tableausoftware.com/workbooks/CasualtiesByCategory,CasualtiesByCategory
http://public.tableausoftware.com/workbooks/CauseofDeathsintheWorld,CauseofDeathsintheWorld
http://public.tableausoftware.com/workbooks/CauseofDeathsintheWorld_0,CauseofDeathsintheWorld_0
http://public.tableausoftware.com/workbooks/CivicDataChallengeVolunteerMetrics,CivicDataChallengeVolunteerMetrics
http://public.tableausoftware.com/workbooks/coastguardmissions_0,coastguardmissions_0
http://public.tableausoftware.com/workbooks/Coffee_yield_profiles_avg,Coffee_yield_profiles_avg
http://public.tableausoftware.com/workbooks/ComparingLobbyingAmongGroupsIndividuals,ComparingLobbyingAmongGroupsIndividuals
http://public.tableausoftware.com/workbooks/Construction-numberofdwellingscompleted,Construction-numberofdwellingscompleted
http://public.tableausoftware.com/workbooks/Consumer_Spending,Consumer_Spending
http://public.tableausoftware.com/workbooks/Consumer_Spending2,Consumer_Spending2
http://public.tableausoftware.com/workbooks/Consumer_Spending2_0,Consumer_Spending2_0
http://public.tableausoftware.com/workbooks/Corruptie,Corruptie
http://public.tableausoftware.com/workbooks/Dashboardversin2_0,Dashboardversin2_0
http://public.tableausoftware.com/workbooks/duarte-data-slide-example,duarte-data-slide-example
http://public.tableausoftware.com/workbooks/duarte-data-slide-example_0,duarte-data-slide-example_0
http://public.tableausoftware.com/workbooks/DynamicTooltipExample,DynamicTooltipExample
http://public.tableausoftware.com/workbooks/EducationLevel,EducationLevel
http://public.tableausoftware.com/workbooks/ejercicio2,ejercicio2
http://public.tableausoftware.com/workbooks/ejercicioclase27mayo,ejercicioclase27mayo
http://public.tableausoftware.com/workbooks/ejercicioclase27mayo_0,ejercicioclase27mayo_0
http://public.tableausoftware.com/workbooks/Elementosadicionalesdashboard,Elementosadicionalesdashboard
http://public.tableausoftware.com/workbooks/EnvSal_IndiceEnvejecimiento_viz1,EnvSal_IndiceEnvejecimiento_viz1
http://public.tableausoftware.com/workbooks/estudiantesextranjeros,estudiantesextranjeros
http://public.tableausoftware.com/workbooks/Eurovisionvoting,Eurovisionvoting
http://public.tableausoftware.com/workbooks/Factorslimitingcoffeeproduction,Factorslimitingcoffeeproduction
http://public.tableausoftware.com/workbooks/Fixturebasedonclub,Fixturebasedonclub
http://public.tableausoftware.com/workbooks/floatingviz,floatingviz
http://public.tableausoftware.com/workbooks/globalurbanpop_1,globalurbanpop_1
http://public.tableausoftware.com/workbooks/globalurbanpop_2,globalurbanpop_2
http://public.tableausoftware.com/workbooks/globalurbanpop_3,globalurbanpop_3
http://public.tableausoftware.com/workbooks/gralmortVis,gralmortVis
http://public.tableausoftware.com/workbooks/Guns_0,Guns_0
http://public.tableausoftware.com/workbooks/HeadlineEconomicIndicatorsFront,HeadlineEconomicIndicatorsFront
http://public.tableausoftware.com/workbooks/HealthInsuranceSavings,HealthInsuranceSavings
http://public.tableausoftware.com/workbooks/Homepage_acquaerifiuti,Homepage_acquaerifiuti
http://public.tableausoftware.com/workbooks/Homepage_Clima,Homepage_Clima
http://public.tableausoftware.com/workbooks/Homepage_Disoccupazione,Homepage_Disoccupazione
http://public.tableausoftware.com/workbooks/Homepage_edilizia,Homepage_edilizia
http://public.tableausoftware.com/workbooks/Homepage_energia,Homepage_energia
http://public.tableausoftware.com/workbooks/Homepage_Lavoro,Homepage_Lavoro
http://public.tableausoftware.com/workbooks/HomePage_PiraSingolo,HomePage_PiraSingolo
http://public.tableausoftware.com/workbooks/HomePage_PiraSingolo_new,HomePage_PiraSingolo_new
http://public.tableausoftware.com/workbooks/Homepage_SerieStoriche_3,Homepage_SerieStoriche_3
http://public.tableausoftware.com/workbooks/Homepage_SerieStoriche_8,Homepage_SerieStoriche_8
http://public.tableausoftware.com/workbooks/Homepage_Turismo,Homepage_Turismo
http://public.tableausoftware.com/workbooks/idsurvey-2013_reportgraphs,idsurvey-2013_reportgraphs
http://public.tableausoftware.com/workbooks/ISSUPharmacy,ISSUPharmacy
http://public.tableausoftware.com/workbooks/LIDER,LIDER
http://public.tableausoftware.com/workbooks/Mainepopulationchangeprojections,Mainepopulationchangeprojections
http://public.tableausoftware.com/workbooks/manufacturingbyadminsince1948threemeasures,manufacturingbyadminsince1948threemeasures
http://public.tableausoftware.com/workbooks/March_2,March_2
http://public.tableausoftware.com/workbooks/Marketingproblems,Marketingproblems
http://public.tableausoftware.com/workbooks/MedianSalesPriceChart2_0,MedianSalesPriceChart2_0
http://public.tableausoftware.com/workbooks/MinimumWage_2,MinimumWage_2
http://public.tableausoftware.com/workbooks/MinimumWage_WNI,MinimumWage_WNI
http://public.tableausoftware.com/workbooks/MLB_RankedList_v71n,MLB_RankedList_v71n
http://public.tableausoftware.com/workbooks/MLB_RankedList_v71o,MLB_RankedList_v71o
http://public.tableausoftware.com/workbooks/MLB_RankedList_v71p,MLB_RankedList_v71p
http://public.tableausoftware.com/workbooks/MLB_RankedList_v71q,MLB_RankedList_v71q
http://public.tableausoftware.com/workbooks/MLB_RankedList_v71r,MLB_RankedList_v71r
http://public.tableausoftware.com/workbooks/MLSthroughJune2,MLSthroughJune2
http://public.tableausoftware.com/workbooks/MobilePhoneSubscriptionsPer100in2011,MobilePhoneSubscriptionsPer100in2011
http://public.tableausoftware.com/workbooks/MonthlyZResearchHomeBox,MonthlyZResearchHomeBox
http://public.tableausoftware.com/workbooks/Mortality-UK,Mortality-UK
http://public.tableausoftware.com/workbooks/NWcompanies2012,NWcompanies2012
http://public.tableausoftware.com/workbooks/olympianage_2,olympianage_2
http://public.tableausoftware.com/workbooks/olympianage_3,olympianage_3
http://public.tableausoftware.com/workbooks/olympianage_5,olympianage_5
http://public.tableausoftware.com/workbooks/olympianage_8,olympianage_8
http://public.tableausoftware.com/workbooks/olympianage_10,olympianage_10
http://public.tableausoftware.com/workbooks/olympianage_12,olympianage_12
http://public.tableausoftware.com/workbooks/OlympicMedalsbyCountry,OlympicMedalsbyCountry
http://public.tableausoftware.com/workbooks/OpiatesZIP_0,OpiatesZIP_0
http://public.tableausoftware.com/workbooks/Ottawapolicehotspots,Ottawapolicehotspots
http://public.tableausoftware.com/workbooks/Overview,Overview
http://public.tableausoftware.com/workbooks/PerCapitaPersonalIncome_WNI,PerCapitaPersonalIncome_WNI
http://public.tableausoftware.com/workbooks/Peru_leader_profiles,Peru_leader_profiles
http://public.tableausoftware.com/workbooks/perudatatableauexperiments,perudatatableauexperiments
http://public.tableausoftware.com/workbooks/Prctica_Beta,Prctica_Beta
http://public.tableausoftware.com/workbooks/premier_league_3,premier_league_3
http://public.tableausoftware.com/workbooks/price_0,price_0
http://public.tableausoftware.com/workbooks/productsafety,productsafety
http://public.tableausoftware.com/workbooks/Profiles,Profiles
http://public.tableausoftware.com/workbooks/Prueba_22,Prueba_22
http://public.tableausoftware.com/workbooks/PublicCharities,PublicCharities
http://public.tableausoftware.com/workbooks/SaleshistorySV-TU,SaleshistorySV-TU
http://public.tableausoftware.com/workbooks/sanity_0,sanity_0
http://public.tableausoftware.com/workbooks/sanity_1,sanity_1
http://public.tableausoftware.com/workbooks/sanitybea,sanitybea
http://public.tableausoftware.com/workbooks/SEAPUUPGs-ResearchHomePage,SEAPUUPGs-ResearchHomePage
http://public.tableausoftware.com/workbooks/Semi-finalpredictions,Semi-finalpredictions
http://public.tableausoftware.com/workbooks/SLSurvey,SLSurvey
http://public.tableausoftware.com/workbooks/SminskadeMC-olyckorna,SminskadeMC-olyckorna
http://public.tableausoftware.com/workbooks/Statistikoveranholdelserifbm_Superligakampe,Statistikoveranholdelserifbm_Superligakampe
http://public.tableausoftware.com/workbooks/StudyAbroad,StudyAbroad
http://public.tableausoftware.com/workbooks/StudyAbroadRegionalTrends-Draft1_0,StudyAbroadRegionalTrends-Draft1_0
http://public.tableausoftware.com/workbooks/TABLEAU_MSA_TABLES,TABLEAU_MSA_TABLES
http://public.tableausoftware.com/workbooks/TABLEAU_ZIP_TABLES,TABLEAU_ZIP_TABLES
http://public.tableausoftware.com/workbooks/taleof100_9,taleof100_9
http://public.tableausoftware.com/workbooks/taleof100_53,taleof100_53
http://public.tableausoftware.com/workbooks/taleof100_54,taleof100_54
http://public.tableausoftware.com/workbooks/taleof100_55,taleof100_55
http://public.tableausoftware.com/workbooks/TechSty02,TechSty02
http://public.tableausoftware.com/workbooks/TESTNHLPlayerUsageChart2012-2013TEST,TESTNHLPlayerUsageChart2012-2013TEST
http://public.tableausoftware.com/workbooks/TestTableauPublicDashboard,TestTableauPublicDashboard
http://public.tableausoftware.com/workbooks/TheTidesatCoronadoPanama-2012,TheTidesatCoronadoPanama-2012
http://public.tableausoftware.com/workbooks/tipovis,tipovis
http://public.tableausoftware.com/workbooks/TotalPersonalIncome_WNI,TotalPersonalIncome_WNI
http://public.tableausoftware.com/workbooks/TVEcuador,TVEcuador
http://public.tableausoftware.com/workbooks/Twitter0813,Twitter0813
http://public.tableausoftware.com/workbooks/Twitter-MayDay2013,Twitter-MayDay2013
http://public.tableausoftware.com/workbooks/Twitter-SeaMayDay2013,Twitter-SeaMayDay2013
http://public.tableausoftware.com/workbooks/twittergroessen,twittergroessen
http://public.tableausoftware.com/workbooks/twittergroessenmitAPP,twittergroessenmitAPP
http://public.tableausoftware.com/workbooks/ufmini,ufmini
http://public.tableausoftware.com/workbooks/unemplyment,unemplyment
http://public.tableausoftware.com/workbooks/UpdatedClearwaterSalesAnalysisv8,UpdatedClearwaterSalesAnalysisv8
http://public.tableausoftware.com/workbooks/Vermogeneurolanden,Vermogeneurolanden
http://public.tableausoftware.com/workbooks/Walkercontributions2010-2012,Walkercontributions2010-2012
http://public.tableausoftware.com/workbooks/WashingtonStatePopulation,WashingtonStatePopulation
http://public.tableausoftware.com/workbooks/Wegaanopreis_,Wegaanopreis_
http://public.tableausoftware.com/workbooks/WerkloosheidEUfeb2013,WerkloosheidEUfeb2013
http://public.tableausoftware.com/workbooks/Whydocustomerschangebanks_5,Whydocustomerschangebanks_5
http://public.tableausoftware.com/workbooks/WRA_landing,WRA_landing
http://public.tableausoftware.com/workbooks/ZresearchHomeBox,ZresearchHomeBox
